,Country,Year,nitro,wasteG,wasteR,scoreESD,co2pc,mpa,ohiBio,fseScore,ohiLive,ohiTour,oResearch,ohiArt,threatened,imoRatedf,plastic,14.1,14.3,14.5,14.7,14.b
0,Belgium,2012,23.68,54.62,92.7,100.0,47.69,100.0,74.65,99.47,67.75,25.64,0.02,78.53,79.577,78.43137254901961,73.41070651991176,47.87264467201933,73.37013882075402,87.23264126964236,46.20018619616022,79.05332666514866
1,Belgium,2013,26.01,54.62,91.3,100.0,47.89,100.0,72.32,99.26,80.5,25.42,0.02,78.75,79.577,78.43137254901961,72.7266489258165,48.78967194603845,73.47452647672412,86.04829209110817,52.20216080281451,79.163392006331
2,Belgium,2014,28.78,0.0,98.3,100.0,52.52,100.0,71.83,99.35,80.5,26.55,0.02,78.7,79.577,78.43137254901961,45.506742108920335,37.048287252797074,75.88338331832925,85.79894807450198,52.8083384922329,79.13837851464736
3,Belgium,2015,28.65,0.0,98.3,100.0,49.77,100.0,71.79,99.49,80.5,25.88,0.01,78.47,79.577,78.43137254901961,45.506742108920335,36.98161575260699,74.4543866135107,85.77858916335767,52.4491575112382,79.0233061556969
127,Belgium,2016,28.65,51.26,99.5,99.63395070810904,51.35,100.0,70.37,99.96,80.5,24.1,0.0,77.98,79.577,78.43137254901961,74.9862528835653,51.27864564711253,75.09810496572649,85.05542200867184,51.49152613854811,78.77809531173052
170,Belgium,2017,28.65,51.26,99.0,100.0,51.96,100.0,71.12,99.74,80.5,24.13,0.0,77.5,79.577,78.43137254901961,74.74320339483216,51.161646934498044,75.59278750958552,85.43748019275787,51.50770853868113,78.53781338255763
128,Belgium,2018,28.65,49.58,98.7,95.52613833939121,51.71,100.0,71.16,99.61,80.5,23.87,0.0,77.06,79.577,84.31372549019608,73.72430419520741,50.67104755184878,73.28638519846012,85.45785008024119,51.3674108609031,78.31748880854366
171,Belgium,2019,28.65,49.58,99.4,96.62263835263003,52.4,100.0,71.48,99.61,80.5,25.01,0.0,77.05,79.577,84.31372549019608,74.06419836796066,50.83472873496492,74.17753633796157,85.6207854836751,51.98173343555476,78.3124806922089
129,Belgium,2020,28.65,31.93,99.4,100.0,59.43,100.0,71.74,99.61,80.5,21.66,0.0,77.12,79.577,84.31372549019608,64.74926229560621,46.34023248542582,79.4536388738867,85.75313960867466,50.17008373051348,78.34753681451596
265,Belgium,2021,28.65,31.93,99.4,100.0,55.72,100.0,71.63,99.61,80.5,22.75,0.0,75.74,79.577,90.19607843137254,64.74926229560621,46.34023248542582,77.54020760109847,85.69714700196359,50.7617213115245,77.65612996377803
4,Bulgaria,2012,76.9,92.44,44.1,100.0,69.89,27.01,76.12,,71.31,23.3,0.1,55.03,,76.47058823529412,67.83137640230416,72.3514719708151,84.81078135246115,50.952382163803456,46.66231855027965,
5,Bulgaria,2013,80.66,92.44,41.4,100.0,76.09,27.01,73.57,,71.31,26.47,0.1,54.72,,76.47058823529412,66.41904770088964,73.50499013893246,87.96354924245178,49.726959033274696,48.35331161994863,
6,Bulgaria,2014,75.38,81.51,64.1,100.0,72.83,27.01,70.89,,71.31,27.17,0.07,54.82,,76.47058823529412,72.75281669424356,74.06524342890512,86.30771074294947,48.437739318367285,48.72470357823095,
7,Bulgaria,2015,75.2,81.51,60.8,100.0,69.02,27.01,69.82,,71.31,23.73,0.04,55.11,,76.47058823529412,71.0793472642819,73.13677125046226,84.36712109489876,47.9226158244304,46.89262614201126,
8,Bulgaria,2016,55.91,78.99,52.6,100.0,71.9,27.01,67.76,,71.31,26.04,0.05,55.4,,76.47058823529412,65.66166030466167,60.76625086685504,85.83457460372584,46.93021381059891,48.12482664898319,
9,Bulgaria,2017,58.28,78.99,65.4,97.49861457303884,69.04,27.01,69.71,,71.31,26.84,0.06,55.4,,76.47058823529412,72.1629686737496,65.18446554836939,83.14704694200425,47.86964594610436,48.54970413882218,
10,Bulgaria,2018,60.07,73.11,59.3,99.08613969728866,73.34,27.01,69.96,,71.31,27.91,0.06,55.53,,80.3921568627451,66.1689166033582,63.11208868519065,86.11655046632333,47.99002843209296,49.116586066776264,
175,Bulgaria,2019,60.07,73.11,50.6,100.0,74.6,27.03,67.4,,71.31,28.42,0.06,55.37,,80.3921568627451,61.75194989161361,60.9103943735231,87.20724831974722,46.767255200931764,49.38624304824202,
130,Bulgaria,2020,60.07,59.66,50.6,100.0,80.63,27.03,66.46,,71.31,19.92,0.06,55.81,,80.3921568627451,55.11136468277639,57.58534364586836,90.26295705401384,46.314024610722434,44.840490835170485,
279,Bulgaria,2021,60.07,59.66,50.6,100.0,73.62,27.03,66.32,,71.31,19.82,0.06,55.64,,82.35294117647058,55.11136468277639,57.58534364586836,86.70935100341094,46.246505399286754,44.7862544135576,
11,Croatia,2012,49.1,96.64,45.4,100.0,87.8,28.47,60.77,,78.76,69.36,7.85,64.91,,72.54901960784314,70.54578128152805,59.72619520880154,93.88017045282633,44.32001805799013,74.04507498483129,
12,Croatia,2013,68.08,96.64,45.3,100.0,88.97,28.47,57.66,,78.56,78.32,7.85,64.08,,72.54901960784314,70.49352442273356,69.28571124655514,94.46889429969178,42.812004983606386,78.43999082100562,
13,Croatia,2014,66.11,94.12,38.0,100.0,90.33,28.47,56.56,,78.56,83.83,5.77375,63.72,,72.54901960784314,65.44188431151052,65.775857325963,95.15271149957677,42.2779613601046,81.19072349591144,
14,Croatia,2015,61.01,94.12,46.3,100.0,89.86,28.47,55.91,,78.56,85.05,6.13375,63.48,,72.54901960784314,69.79342978047042,65.38695708514214,94.91645378291767,41.96221978238141,81.79856202235041,
15,Croatia,2016,71.89,90.76,41.1,100.0,89.0,28.47,54.34,,78.56,88.01,15.43090909090909,63.38,,72.54901960784314,65.44901290696734,68.66195148656226,94.48398439318277,41.199043528517386,83.27158864342931,
16,Croatia,2017,58.59,90.76,37.3,100.0,87.4,28.47,54.6,,78.56,89.14,12.894,62.55,,72.54901960784314,63.45207545967494,61.01619372186592,93.6788024779812,41.32548307983839,83.83330035870688,
17,Croatia,2018,61.95,89.08,37.3,100.0,89.04,28.47,55.8,,78.56,88.66,12.894,61.71,,74.50980392156863,62.64137526859458,62.29559172024274,94.50410410151628,41.908773848801324,83.5947385455341,
176,Croatia,2019,61.95,89.08,35.7,100.0,88.5,28.47,57.0,,78.56,87.78,12.894,60.9,,74.50980392156863,61.79754173007172,61.87376616927982,94.23244778889645,42.491621848195145,83.15721623063412,
131,Croatia,2020,61.95,78.15,34.1,100.0,90.38,29.97,56.18,,78.56,67.48,12.894,60.65,,74.50980392156863,55.679289949296084,58.80628331104506,95.17784150842448,42.871997851369215,72.99896107305224,
296,Croatia,2021,61.95,78.15,34.1,100.0,88.46,29.96,55.92,,78.56,69.54,12.894,59.49,,74.50980392156863,55.679289949296084,58.80628331104506,94.21232163015623,42.74027380572171,74.03625627414766,
18,Cyprus,2012,5.19,100.0,44.8,100.0,54.53,0.41,68.48,,65.03,60.5,3.858181818181819,76.37,,68.62745098039215,71.8584218592123,36.75557057861115,76.92479991200345,32.05398185732122,62.76091213647691,
19,Cyprus,2013,7.83,100.0,45.3,100.0,61.44,0.41,67.9,,63.18,79.6,3.858181818181819,75.58,,68.62745098039215,72.12041964191631,38.452557048748574,80.48719011620364,31.785180380746382,71.34267234018968,
20,Cyprus,2014,0.76,99.16,46.6,100.0,57.25,0.41,68.59,,63.18,76.27,5.77375,71.12,,68.62745098039215,72.39377907549598,34.13091864593623,78.33023609532496,32.104961192600825,69.69422982423629,
21,Cyprus,2015,0.9,99.16,63.8,100.0,56.16,0.41,67.84,,63.18,67.36,6.13375,69.79,,68.62745098039215,81.28643347523052,38.35749668818196,77.76754288909068,31.757373201482277,65.26665317041919,
132,Cyprus,2016,0.9,98.32,74.3,100.0,52.28,0.41,66.02,,63.18,63.53,15.43090909090909,69.52,,68.62745098039215,86.22613072175486,40.648532350035595,75.75886674050555,30.913876913720216,63.35497583060187,
180,Cyprus,2017,0.9,98.32,76.0,98.23056038972193,51.36,0.41,65.89,,63.18,61.25,12.894,70.09,,68.62745098039215,87.08832935307515,41.04839830919226,74.42098651769406,30.853626284134847,62.21425157311638,
133,Cyprus,2018,0.9,95.8,54.3,99.03166193570107,53.95,0.41,65.77,,63.18,58.8,12.894,71.53,,70.58823529411765,74.75884226105622,35.32962449608545,76.15301478572128,30.79801021038221,60.98606716217829,
181,Cyprus,2019,0.9,95.8,51.1,91.88645116548557,54.89,0.41,66.97,,63.18,59.95,12.894,72.28,,70.58823529411765,73.10372758291341,34.56181283542331,73.15219971186345,31.354166325023012,61.5628814536535,
134,Cyprus,2020,0.9,88.24,51.9,93.2605948762429,56.55,28.74,64.84,,63.18,46.61,12.894,72.69,,70.58823529411765,69.83131591080834,33.04363588422133,74.6777687183734,46.43132399115308,54.8322063025229,
310,Cyprus,2021,0.9,88.24,51.9,86.94581993795654,54.06,28.74,64.46,,63.18,57.34,12.894,71.47,,72.54901960784314,69.83131591080834,33.04363588422133,70.30913787667757,46.247546694314735,60.25292216422878,
22,Denmark,2012,50.4,88.24,99.4,100.0,65.29,59.49,72.56,98.66,61.44,23.47,3.858181818181819,70.31,96.639,80.3921568627451,93.80339514064696,71.76925165810285,82.46122119262957,65.99259860036828,42.01284494699463,83.37019762063049
23,Denmark,2013,48.75,88.24,97.9,100.0,62.68,59.49,72.25,98.53,66.22,24.73,3.858181818181819,73.44,96.639,80.3921568627451,93.05746059341976,70.5509351892066,81.12377345239295,65.83904718077284,44.98124142009778,84.96010876318934
24,Denmark,2014,52.01,89.08,98.2,100.0,69.21,59.49,71.8,98.26,66.22,26.28,5.77375,74.61,96.639,80.3921568627451,93.62889204487065,72.51733181940143,84.46404003311658,65.61609639617716,45.80224217608427,85.5534319395135
25,Denmark,2015,51.92,89.08,97.9,100.0,73.02,59.49,72.04,98.63,66.22,27.54,6.13375,78.3,96.639,80.3921568627451,93.47959443268283,72.39804532353419,86.40433034282233,65.73501140385365,46.46714150302898,87.42133686185389
135,Denmark,2016,51.92,87.39,98.1,100.0,70.8,59.49,70.68,98.88,66.22,28.7,15.43090909090909,78.61,96.639,80.3921568627451,92.72953058672655,72.03242182448909,85.27449728754804,65.06091755653766,47.077420418483584,87.57803733586425
185,Denmark,2017,51.92,87.39,98.3,100.0,74.48,59.5,70.3,98.9,66.22,27.83,12.894,78.51,96.639,80.3921568627451,92.82896436494464,72.08089776854001,87.14630131099705,64.87750503116298,46.61987336883011,87.5274924935524
136,Denmark,2018,51.92,89.08,97.9,100.0,74.85,59.5,69.75,98.85,66.22,27.84,12.894,78.87,96.639,88.23529411764706,93.47959443268283,72.39804532353419,87.33420346231999,64.60465408556537,46.625138030212874,87.70943750292888
186,Denmark,2019,51.92,89.08,98.1,100.0,80.52,59.73,69.35,98.75,66.22,27.35,12.894,78.72,96.639,88.23529411764706,93.57912860179854,72.44655569897124,90.20733074647221,64.52205719417297,46.367015899168436,87.6336326055408
137,Denmark,2020,51.92,84.03,73.1,100.0,84.5,61.07,70.96,98.66,66.22,24.02,12.894,79.45,96.639,88.23529411764706,78.54597515517776,65.09604493403913,92.2174020135772,65.99645939804137,44.60396812065949,88.00247596426934
324,Denmark,2021,51.92,84.03,73.1,100.0,82.76,61.07,71.31,98.66,66.22,22.95,12.894,76.55,96.639,92.15686274509804,78.54597515517776,65.09604493403913,91.33927418331415,66.17017504299339,44.033885957967684,86.53609479904125
26,Estonia,2012,75.2,89.92,44.0,97.13544607834983,12.53,62.09,80.68,97.82,59.66,38.02,3.858181818181819,89.37,91.262,76.47058823529412,66.55709787691453,70.86536571848767,52.94410102679961,71.3242888140363,48.7190054476474,90.31550455364746
190,Estonia,2013,75.2,89.92,70.3,100.0,0.0,62.09,79.04,98.73,73.81,42.07,3.858181818181819,90.16,91.262,76.47058823529412,80.04976279433984,77.62109321717229,46.29373561436453,70.51396642251164,57.719456173488396,90.7108326536317
138,Estonia,2014,75.2,83.19,75.9,100.0,4.93,62.09,79.41,96.99,73.81,46.02,5.77375,90.71,91.262,76.47058823529412,79.53664540182402,77.36528377938785,49.73260392236844,70.69684773497306,59.75219405629984,90.98595813854158
191,Estonia,2015,75.2,83.19,76.4,100.0,24.09,62.09,77.69,98.85,73.81,45.28,6.13375,90.8,91.262,76.47058823529412,79.78777524136936,77.49049200013327,60.78483034162936,69.84637090742464,59.37221893201169,91.03097069071787
139,Estonia,2016,75.2,76.47,85.8,100.0,13.24,62.09,75.47,99.78,73.81,44.89,15.43090909090909,90.76,91.262,76.47058823529412,81.12158044406569,78.15518084281898,54.701850073529876,68.74740558603395,59.171810265172496,91.01096538819978
192,Estonia,2017,75.2,76.47,79.6,95.34392272273496,5.54,62.07,73.61,99.13,73.81,42.4,12.894,90.97,91.262,76.47058823529412,78.03343056820651,76.61540537895044,47.94178825861221,67.81542836023401,57.88971633001191,91.1159883028171
140,Estonia,2018,75.2,70.59,81.8,97.30909060405497,11.12,62.07,73.42,98.79,73.81,41.89,12.894,91.68,91.262,78.43137254901961,76.1743632132183,75.68702481137568,52.207252727301025,67.72119846976437,57.62655192924515,91.47097612300988
193,Estonia,2019,75.2,70.59,85.4,96.38484446695543,46.82,62.12,74.75,98.98,73.81,44.76,12.894,92.13,91.262,78.43137254901961,77.95978729561607,76.57865035543117,71.16325509484761,68.40581611859909,59.10498382978361,91.69589729279267
141,Estonia,2020,75.2,77.31,87.4,100.0,66.25,62.6,75.79,98.83,73.81,36.57,12.894,92.56,91.262,78.43137254901961,82.33953633568102,78.76167609004865,82.95234718638382,69.16351695564448,54.86875603548613,91.91077086257889
338,Estonia,2021,75.2,77.31,87.4,100.0,59.32,62.6,75.35,98.83,73.81,37.01,12.894,91.79,91.262,82.35294117647058,82.33953633568102,78.76167609004865,79.39701517520767,68.94549160810898,55.097775822002156,91.5259619255129
27,Finland,2012,66.47,89.92,51.0,100.0,45.77,37.1,79.25,,75.44,24.1,1.21,85.84,86.364,76.47058823529412,70.18724571305683,68.3260946592887,72.36652064113004,57.78316827192706,49.070096999036956,86.10196013790579
28,Finland,2013,66.92,89.92,54.1,100.0,45.28,37.1,77.22,,82.24,24.21,1.21,85.11,86.364,76.47058823529412,71.78458644487537,69.3480270090483,72.10994347430051,56.79930328439284,52.38270575808603,85.73677073317542
29,Finland,2014,66.47,86.55,68.3,100.0,51.97,37.1,77.17,,82.24,24.61,1.3,84.55,86.364,76.47058823529412,77.37108545294906,71.89986649572377,75.59797847862241,56.77505918123851,52.59862031552374,85.4565186663422
30,Finland,2015,65.58,86.55,88.9,100.0,57.61,37.1,74.83,,82.24,25.37,1.18,83.46,86.364,76.47058823529412,87.72421306807396,76.57182049391643,78.51593232342314,55.639826303546066,53.008140078244615,84.91075846691386
31,Finland,2016,66.52,90.76,97.2,96.54922066216152,53.09,37.1,72.17,,82.24,25.51,1.23,82.76,86.364,76.47058823529412,93.97448248894335,80.12916987025604,74.49882068527464,54.34784622446665,53.0834776283272,84.56007982059062
32,Finland,2017,64.68,90.76,98.0,100.0,57.27,35.03,71.17,,82.24,27.27,1.21,82.33,86.364,76.47058823529412,94.37305569759967,79.38701404420226,78.34055445517627,52.785417400490346,54.02803335522381,84.34458809968162
33,Finland,2018,61.77,85.71,98.1,98.99075398794211,55.54,35.03,71.68,,82.24,26.95,1.21,82.14,86.364,86.27450980392157,91.88410275803881,76.67840783614231,76.95519226709696,53.03287927055527,53.856637520807254,84.2493525395823
197,Finland,2019,61.77,85.71,98.1,98.02113797028836,60.79,40.37,73.76,,82.24,26.86,1.21,79.85,86.364,86.27450980392157,91.88410275803881,76.67840783614231,79.18502705808326,56.81666167239976,53.80840569446941,83.10061597299246
142,Finland,2020,61.77,84.03,99.4,100.0,68.15,39.96,74.73,,82.24,19.86,1.21,76.21,86.364,86.27450980392157,91.68275977411867,76.57953673241097,83.92313486064928,57.076682821133126,50.01597990430048,81.27113333905729
352,Finland,2021,61.77,84.03,99.4,100.0,68.23,39.96,74.15,,82.24,19.81,1.21,70.57,86.364,90.19607843137254,91.68275977411867,76.57953673241097,83.96397494780776,56.79435364478768,49.98855811614165,78.4271850840128
34,France,2012,77.22,83.19,64.0,100.0,79.37,87.22,72.2,99.4,79.4,44.27,13.3,76.77,84.049,84.31372549019608,73.53224878246557,75.37386886009332,89.62553177556632,79.67456179696559,61.581560286037266,80.4012602269328
35,France,2013,74.44,83.19,64.2,100.0,79.38,87.22,71.44,99.09,79.41,43.87,13.3,78.28,84.049,84.31372549019608,73.63363803661521,74.03670923791586,89.63059288853516,79.29068978087696,61.379662977615205,81.15937316623814
36,France,2014,74.49,82.35,64.0,100.0,83.77,87.22,70.73,99.09,79.41,43.97,5.77375,80.43,84.049,84.31372549019608,73.11730695840419,73.80333433559252,91.84911212814188,78.93187150474013,61.4313670222593,82.23750911271809
37,France,2015,71.04,82.35,64.3,100.0,83.39,87.22,71.29,99.09,79.41,45.83,6.13375,78.64,84.049,84.31372549019608,73.26929826985545,72.15378813771585,91.65733115017517,79.2148993804046,62.39173665887051,81.34000316422059
38,France,2016,66.47,79.83,64.5,100.0,83.14,87.22,69.96,99.99,79.41,45.31,8.86,77.79,84.049,84.31372549019608,72.12420545489562,69.29133405978767,91.53113369673673,78.54250769120094,62.12349580915078,80.9134467277768
39,France,2017,72.65,79.83,69.8,100.0,82.87,100.0,74.6,99.99,79.41,46.16,8.86,76.16,84.049,84.31372549019608,74.79817734585957,73.72330621971253,91.39481736449756,87.20724831974722,62.56186820507612,80.09478378194218
40,France,2018,69.47,78.15,69.9,100.0,84.88,100.0,74.81,99.97,79.41,47.72,8.86,75.51,84.049,90.19607843137254,74.01350004911214,71.73815251556508,92.40904671270236,87.31389225180115,63.365118790170975,79.76806939340973
201,France,2019,69.47,78.15,69.9,100.0,85.81,100.0,74.97,99.97,79.41,48.03,8.86,75.86,84.049,90.19607843137254,74.01350004911214,71.73815251556508,92.87787823894216,87.39513341742466,63.52454529153923,79.94401072603412
143,France,2020,69.47,73.95,71.8,100.0,90.44,100.0,74.68,99.97,79.41,42.29,8.86,76.5,84.049,90.19607843137254,72.87420708556937,71.1700680041159,95.20799655981337,87.24787657794157,60.56173707954937,80.26562243584182
366,France,2021,69.47,73.95,71.8,100.0,87.31,100.0,74.77,99.97,79.41,45.28,8.86,74.73,84.049,96.07843137254902,72.87420708556937,71.1700680041159,93.63348795981138,87.29358042774959,62.10801454537568,79.37581735258564
41,Germany,2012,54.12,78.15,99.7,100.0,40.23,100.0,73.45,98.26,86.5,71.18,0.84,70.41,75.127,80.3921568627451,88.85953667081674,71.27632482908311,69.45423727088692,86.6229428998474,78.80272116810359,72.76467716940165
42,Germany,2013,52.42,78.15,99.9,100.0,38.61,100.0,72.35,98.26,89.31,68.65,0.84,69.09,75.127,80.3921568627451,88.95838777060452,70.45003162023815,68.59755926092015,86.06355490074948,78.9122244409804,72.10218009456875
43,Germany,2014,58.24,76.47,99.8,100.0,42.92,100.0,71.1,98.26,89.31,71.25,0.8,68.56,75.127,80.3921568627451,88.05754580182862,72.99562101223174,70.87152270214189,85.42729500154594,80.22909194430106,71.83599364598705
44,Germany,2015,51.12,76.47,99.8,100.0,43.02,100.0,71.01,98.03,89.31,72.5,0.64,73.99,75.127,80.3921568627451,88.05754580182862,69.34031159121459,70.92409013376675,85.38145959739512,80.86125143461089,74.55828326024519
45,Germany,2016,56.83,76.47,99.8,99.6195418060009,43.51,100.0,69.15,100.0,89.31,72.02,0.65,73.04,75.127,80.3921568627451,88.05754580182862,72.27399632214608,70.99766828785816,84.43343572846494,80.61857347028912,74.08276506354295
46,Germany,2017,60.2,76.47,99.8,92.01627198172515,45.35,100.0,69.35,99.93,89.31,72.71,0.63,75.54,75.127,80.3921568627451,88.05754580182862,73.99702105705889,68.27765194789636,84.53544407517761,80.96739537355295,75.33347169764392
47,Germany,2018,52.86,74.79,99.9,97.91966836631154,48.77,100.0,69.04,99.78,89.31,72.5,0.63,78.29,75.127,88.23529411764706,87.2544096396485,69.84365125441697,72.92390562035425,84.37732381944505,80.86125143461089,76.70686957815452
205,Germany,2019,52.86,74.79,99.5,93.73115158866996,53.76,100.0,72.33,99.78,89.31,73.7,0.63,72.86,75.127,88.23529411764706,87.05708100824879,69.74715439162851,73.47086235939594,86.05337973457942,81.46756390452943,73.992631761883
144,Germany,2020,52.86,73.11,99.9,100.0,60.73,100.0,72.06,99.78,89.31,61.08,0.63,69.73,75.127,88.23529411764706,86.40081419475483,69.42616793297927,80.12234439626945,85.91599920319075,75.06162186463875,72.42347171422477
380,Germany,2021,52.86,73.11,99.9,100.0,57.15,100.0,72.13,99.78,89.31,61.51,0.63,67.43,75.127,88.23529411764706,86.40081419475483,69.42616793297927,78.27864092569192,85.95161920503355,75.28105452282115,71.26810474338807
572,Gibraltar,2013,,,,,,,,,,,3.858181818181819,,,,,,,,,
573,Gibraltar,2014,,,,,,,,,,,5.77375,,,,,,,,,
574,Gibraltar,2015,,,,,,,,,,,6.13375,,,,,,,,,
575,Gibraltar,2016,,,,,,,,,,,15.43090909090909,,,,,,,,,
576,Gibraltar,2017,,,,,,,,,,,12.894,,,,,,,,,
48,Greece,2012,65.26,94.12,32.2,100.0,56.07,4.86,66.28,99.72,64.92,85.06,3.858181818181819,64.0,90.526,80.3921568627451,62.36246594411135,63.80958817425483,77.72105161205408,33.94651176369196,74.92215427974169,77.14851794103845
49,Greece,2013,62.8,94.12,32.3,100.0,62.93,4.86,65.07,99.71,61.38,95.42,3.858181818181819,63.12,90.526,80.3921568627451,62.415876607455274,62.6079088443954,81.25202415344494,33.38062244962271,78.21356659898777,76.700040146198
50,Greece,2014,61.5,89.08,32.8,100.0,64.85,4.86,64.22,99.51,61.38,97.84,5.77375,61.45,90.526,80.3921568627451,60.26126704213601,60.88031845997462,82.23597871375416,32.983041533181,79.39914722977892,75.8479472201151
51,Greece,2015,61.32,89.08,37.1,100.0,67.34,4.86,63.91,99.12,61.38,99.71,6.13375,60.89,90.526,80.3921568627451,62.5360347736651,61.927718901648134,83.50947008799368,32.8380298083696,80.31447904195998,75.56191382686401
145,Greece,2016,61.32,84.03,40.2,100.0,69.72,4.86,61.41,100.0,61.38,98.98,15.43090909090909,60.51,90.526,80.3921568627451,61.71874268411976,61.519339035966325,84.7241144663107,31.668345163137268,79.95723826894583,75.367731700563
209,Greece,2017,61.32,84.03,48.1,100.0,66.92,15.06,61.05,99.97,61.38,100.0,12.894,60.38,90.526,80.3921568627451,65.8171956218367,63.56461990755255,83.2948623248996,37.30260470355648,80.45636805298531,75.30128449494099
146,Greece,2018,61.32,89.08,39.8,100.0,69.17,15.06,60.73,99.45,61.38,100.0,12.894,60.43,90.526,84.31372549019608,63.9549482333855,62.63608845738944,84.44363733505143,37.15028693654097,80.45636805298531,75.32684211024738
210,Greece,2019,61.32,89.08,37.6,100.0,73.8,15.06,60.4,99.66,61.38,100.0,12.894,60.21,90.526,84.31372549019608,62.79931341450087,62.059215916211436,86.80082957499582,36.993190587872064,80.45636805298531,75.2143792517571
147,Greece,2020,61.32,90.76,37.6,100.0,81.72,15.06,60.07,99.3,61.38,92.85,12.894,60.34,90.526,84.31372549019608,63.61021659822481,62.464058627710905,90.81393962659013,36.836075124074426,76.95317401970824,75.28083750350888
394,Greece,2021,61.32,90.76,37.6,100.0,81.01,15.06,59.75,99.3,61.38,99.01,12.894,59.54,90.526,84.31372549019608,63.61021659822481,62.464058627710905,90.45508870025625,36.683702308681404,79.97192143462216,74.87172863953782
577,Guernsey,2013,,,,,,,,,,,3.858181818181819,,,,,,,,,
578,Guernsey,2014,,,,,,,,,,,5.77375,,,,,,,,,
579,Guernsey,2015,,,,,,,,,,,6.13375,,,,,,,,,
580,Guernsey,2016,,,,,,,,,,,15.43090909090909,,,,,,,,,
581,Guernsey,2017,,,,,,,,,,,12.894,,,,,,,,,
52,Ireland,2012,72.02,82.35,74.3,100.0,55.34,7.77,67.64,98.29,73.29,23.52,3.858181818181819,66.92,,66.66666666666667,78.3146528804815,75.16073516830427,77.34378178460247,36.31309765981669,47.72897080691472,
53,Ireland,2013,65.17,82.35,84.1,100.0,57.38,7.77,66.38,98.29,77.3,22.73,3.858181818181819,70.3,,66.66666666666667,83.22454001737432,74.14219908197836,78.39730142552335,35.721021493782125,49.22226705803068,
54,Ireland,2014,67.28,71.43,83.2,100.0,58.56,7.77,66.18,98.29,77.3,23.79,5.77375,72.79,,66.66666666666667,77.29257780240285,72.26893719038169,79.00561942450055,35.62702817908653,49.79385934716287,
55,Ireland,2015,66.34,71.43,84.1,100.0,55.78,7.77,65.99,99.33,77.3,20.43,6.13375,75.66,,66.66666666666667,77.73916384595705,72.01700824102973,77.57121448676926,35.53773118935831,47.9749513249045,
56,Ireland,2016,63.52,78.15,79.7,99.31200455558665,53.56,7.77,64.11,99.88,77.3,19.77,100.0,75.46,,66.66666666666667,78.92461948938619,71.18056856772257,76.08762358806035,34.65398183691498,47.61509044857817,
57,Ireland,2017,59.85,78.15,77.7,92.80009219552285,56.7,7.77,67.84,99.77,77.3,22.05,100.0,73.6,,66.66666666666667,77.92496751679168,68.82800620923668,74.52964096271509,36.407065224062606,48.854537226339566,
148,Ireland,2018,59.85,76.47,95.7,86.0039878267083,57.47,7.77,67.55,99.21,77.3,22.06,100.0,73.79,,68.62745098039215,86.03117615199612,72.82239134532043,71.59403906954545,36.27081112550638,48.859951150841724,
214,Ireland,2019,59.85,76.47,97.1,82.31222486062532,61.38,7.77,64.03,99.21,77.3,24.72,100.0,73.16,,68.62745098039215,86.72353399896126,73.16279059606214,71.76957022941495,34.616368119428095,50.29379096336277,
149,Ireland,2020,59.85,70.59,100.0,81.22281918221042,65.83,7.77,67.28,99.21,77.3,21.54,100.0,73.11,,68.62745098039215,85.16751666772642,72.39761014803068,73.48604408612961,36.143947291823686,48.57817861594826,
408,Ireland,2021,59.85,70.59,100.0,96.14660231561292,62.32,7.77,67.09,99.21,77.3,21.68,100.0,73.74,,68.62745098039215,85.16751666772642,72.39761014803068,79.05118995983449,36.05466891932364,48.654090659821016,
58,Italy,2012,52.1,64.71,71.8,100.0,68.21,29.28,68.72,99.54,83.58,54.93,9.55,61.1,92.668,72.54901960784314,68.24578933900575,60.118554400712675,83.95376518889228,48.59005105192064,69.10562107003443,76.7206589937781
59,Italy,2013,56.36,64.71,73.6,100.0,73.28,29.28,66.85,99.59,85.62,61.42,9.55,60.76,92.668,72.54901960784314,69.14070344763455,62.717748385838966,86.53652341631236,47.68650951655681,73.41991003270451,76.5467156447403
60,Italy,2014,58.33,59.66,78.9,100.0,77.02,29.28,66.55,99.38,85.62,65.89,9.23,65.07,92.668,72.54901960784314,69.21296316993917,63.748233881652446,88.43518028167134,47.54148141564386,75.69055932936286,78.74757428577391
61,Italy,2015,58.19,59.66,82.0,100.0,75.4,29.28,66.24,99.24,85.62,67.16,7.97,65.27,92.668,72.54901960784314,70.74150305707911,64.43514902944818,87.61342064264728,47.39159684059122,76.33408254506112,78.84949138551997
62,Italy,2016,58.82,49.58,83.9,100.0,75.71,29.28,63.66,99.16,85.62,65.43,7.95,65.24,92.668,72.54901960784314,66.51654182971464,62.65644689614115,87.77074698404004,46.14327125470595,75.45730214550167,78.83420497355162
63,Italy,2017,57.3,49.58,81.8,100.0,76.4,29.32,65.62,99.91,85.62,65.41,5.03,64.56,92.668,72.54901960784314,65.49013995354346,61.38140128951758,88.12079526274236,47.11273165988747,75.44715845115702,78.48760340749644
150,Italy,2018,57.3,42.86,86.9,100.0,76.83,29.32,65.31,99.86,85.62,65.7,5.03,63.78,92.668,74.50980392156863,64.49771991003188,60.888219033552126,88.33885157891449,46.96277164984409,75.5942250495392,78.08976972800777
218,Italy,2019,57.3,42.86,89.5,100.0,77.67,29.26,65.0,99.59,85.62,64.56,5.03,63.88,92.668,74.50980392156863,65.7588923030359,61.514896771310376,88.76462577754322,46.781349167810774,75.01588981152315,78.14078980658964
151,Italy,2020,57.3,35.29,88.4,100.0,82.73,32.45,64.7,99.49,85.62,51.51,5.03,64.29,92.668,74.50980392156863,61.253177224045224,59.27329243017493,91.32412534824597,48.30147361955377,68.3503238618698,78.34992356718507
422,Italy,2021,57.3,35.29,88.4,100.0,78.69,32.45,64.39,99.49,85.62,57.06,5.03,63.4,92.668,74.50980392156863,61.253177224045224,59.27329243017493,89.28129320632695,48.15092604317982,71.19597297200653,77.8958507855063
64,Latvia,2012,76.99,94.96,38.7,100.0,94.41,53.45,77.7,99.33,77.74,36.83,3.858181818181819,88.51,97.701,80.3921568627451,66.21638502071991,71.58290781819373,97.20098104387776,65.46216375201433,56.91044000969094,93.09415351362203
65,Latvia,2013,75.34,94.96,36.0,100.0,94.71,53.45,75.25,99.33,89.5,34.72,3.858181818181819,89.03,97.701,80.3921568627451,64.7883466838838,70.04428842482254,97.3514064472975,64.25717506584267,61.481678555984814,93.35542975556898
66,Latvia,2014,75.29,94.12,39.0,100.0,95.2,53.45,74.64,99.33,89.5,37.89,5.77375,89.27,97.701,80.3921568627451,65.96933928583695,70.61428186171314,97.5970488412258,63.95690210063371,63.15472448596333,93.4759919417951
67,Latvia,2015,75.2,94.12,39.2,100.0,94.58,53.45,73.1,98.71,89.5,44.62,6.13375,89.12,97.701,80.3921568627451,66.07471760270158,70.62261148715994,97.28622510894135,63.198368306720646,66.67615752989641,93.40064255581768
68,Latvia,2016,76.37,77.31,41.8,100.0,94.54,53.45,71.71,99.31,89.5,44.21,15.43090909090909,89.42,97.701,80.3921568627451,59.28569037969869,67.77389257537595,97.26616838911637,62.513127928965936,66.46269162247263,93.55133474064854
69,Latvia,2017,77.8,77.31,41.2,100.0,94.22,53.45,71.5,99.69,89.5,35.63,12.894,89.35,97.701,80.3921568627451,58.97487836183285,68.32242887026312,97.10569894656402,62.40955265142395,61.96299803102584,93.51617558653724
70,Latvia,2018,75.92,65.55,50.8,100.0,91.17,53.45,70.57,98.04,89.5,33.42,12.894,89.71,97.701,80.3921568627451,58.12810885141091,66.96481842937463,95.57479958496285,61.950702258439144,60.79253567005409,93.69697886782072
222,Latvia,2019,75.92,65.55,46.9,100.0,91.83,53.46,71.86,98.04,89.5,33.83,12.894,90.1,97.701,80.3921568627451,56.147262817391216,65.95930522552835,95.906298034458,62.59218170801474,61.01008140073176,93.89280659107058
152,Latvia,2020,75.92,54.62,47.9,100.0,94.5,53.46,71.78,99.86,89.5,27.3,12.894,90.33,97.701,80.3921568627451,51.24897889868893,63.46396423488359,97.24611123426718,62.55272927667091,57.52088664140283,94.00827412834943
436,Latvia,2021,75.92,54.62,47.9,100.0,93.06,53.46,72.46,99.86,89.5,30.0,12.894,89.71,97.701,82.35294117647058,51.24897889868893,63.46396423488359,96.52376159851349,62.88801443369669,58.970205810936044,93.69697886782072
71,Lithuania,2012,74.66,89.92,38.9,100.0,85.17,71.72,76.04,99.6,70.18,14.03,3.858181818181819,93.9,95.238,58.82352941176471,63.88867554530229,69.25337853038792,92.55527087844236,73.87684193421404,41.069807617814874,94.568763365767
72,Lithuania,2013,73.77,89.92,42.9,100.0,87.55,71.72,73.54,99.88,76.21,14.82,3.858181818181819,92.66,95.238,58.82352941176471,65.98338223276502,69.86583856586654,93.75432117837731,72.62942990176164,44.367048091875674,93.94811570084232
73,Lithuania,2014,76.63,83.19,51.2,100.0,87.89,71.72,72.53,99.92,76.21,17.65,5.77375,91.7,95.238,58.82352941176471,67.00252831689032,71.80011748798883,93.92547154520727,72.12488629047998,45.934650898937704,93.46732587595467
74,Lithuania,2015,76.54,83.19,54.8,100.0,87.0,71.72,71.59,99.18,76.21,18.48,6.13375,90.55,95.238,58.82352941176471,68.84778037993637,72.6837102163658,93.47738562811192,71.6549970518452,46.390475016557865,92.89104232735511
153,Lithuania,2016,76.54,78.15,74.4,100.0,86.47,71.72,69.74,99.14,76.21,20.23,15.43090909090909,90.48,95.238,58.82352941176471,76.27269516306558,76.4063358920725,93.21043245211091,70.72930712817353,47.346418565059125,92.85595218180293
226,Lithuania,2017,76.54,78.15,73.4,99.95135078048929,85.27,85.3,69.5,97.44,76.21,19.91,12.894,90.55,95.238,58.82352941176471,75.77127734855581,76.15554167926463,92.58154807242379,77.3596033068481,47.17211172861562,92.89104232735511
75,Lithuania,2018,68.26,73.11,72.1,100.0,84.36,85.3,69.22,99.7,76.21,19.44,12.894,91.06,95.238,62.745098039215684,72.60482437342871,70.42906129472982,92.1467844024645,77.21807971813101,46.915705952188766,93.14665733496697
227,Lithuania,2019,68.26,73.11,79.6,100.0,83.44,85.31,70.83,99.58,76.21,20.07,12.894,91.42,95.238,62.745098039215684,76.34810219281768,72.2927349373704,91.68256818303055,78.03637404494297,47.2592918507763,93.32704746073118
154,Lithuania,2020,68.26,70.59,63.4,100.0,84.26,85.31,70.69,99.86,76.21,13.8,12.894,91.73,95.238,62.745098039215684,66.98534920189658,67.62237426491306,92.09633939078996,77.96568871357657,43.796303498846456,93.48235441262253
450,Lithuania,2021,68.26,70.59,63.4,100.0,83.59,85.31,71.69,99.86,76.21,14.81,12.894,91.13,95.238,64.70588235294117,66.98534920189658,67.62237426491306,91.75827437889167,78.47041870948202,44.361468490635374,93.18173603539825
76,Malta,2012,24.84,95.8,33.3,100.0,70.46,20.88,72.23,,84.24,100.0,3.858181818181819,71.17,,60.78431372549019,63.75601446946811,43.85355344933538,85.10128135972414,45.799711282799066,92.08625000178375,
77,Malta,2013,21.84,95.8,23.0,92.95986184162106,78.0,20.88,68.12,,86.67,100.0,3.858181818181819,73.16,,60.78431372549019,58.188959164526146,39.58395914212114,85.44715654340317,43.83480827687193,93.31117969806851,
78,Malta,2014,21.84,93.28,33.6,89.32076778300771,79.05,20.88,67.64,,86.67,100.0,5.77375,73.44,,60.78431372549019,62.70554909894695,41.75453550390242,84.16970964891038,43.60513784263731,93.31117969806851,
79,Malta,2015,21.93,93.28,28.8,88.3542809099199,93.48,20.88,67.59,,86.67,100.0,6.13375,73.25,,60.78431372549019,60.13709730435098,40.56862488730121,90.91352769228094,43.58121143191144,93.31117969806851,
155,Malta,2016,21.93,88.24,23.7,85.67381964141703,100.0,20.88,65.0,,86.67,100.0,15.43090909090909,72.95,,60.78431372549019,54.970728644555315,38.08192613070945,92.80924407536993,42.34118566431611,93.31117969806851,
231,Malta,2017,21.93,88.24,19.2,78.37794928634922,97.36,20.9,64.92,,86.67,100.0,12.894,72.29,,60.78431372549019,52.503831319995115,36.89209922969058,87.8176025649621,42.313594531735205,93.31117969806851,
156,Malta,2018,21.93,91.6,11.1,82.13222501120421,97.98,20.9,64.57,,86.67,100.0,12.894,77.94,,66.66666666666667,49.51240501229735,35.44691799572633,90.02120057402078,42.14591528742718,93.31117969806851,
232,Malta,2019,21.93,91.6,15.4,78.30395085981678,97.23,24.82,64.24,,86.67,100.0,12.894,79.5,,66.66666666666667,51.97255036248312,36.635628583804376,87.71584708237934,44.076040807083196,93.31117969806851,
157,Malta,2020,21.93,89.92,10.2,88.11527795554417,99.18,24.82,64.82,,86.67,99.72,12.894,80.14,,66.66666666666667,48.19879250361178,34.811421117295765,93.63128653978752,44.3552820262053,93.17213645476741,
464,Malta,2021,21.93,89.92,10.2,100.0,97.23,24.82,64.51,,86.67,99.96,12.894,78.04,,66.66666666666667,48.19879250361178,34.811421117295765,98.61402738077592,44.20604169524426,93.29131749452097,
80,Netherlands,2012,11.64,75.63,98.1,100.0,42.63,71.64,67.14,99.94,60.89,61.06,0.74,46.83,76.289,84.31372549019608,86.79211144127477,47.56253983640869,70.71902984176347,69.3863514110289,60.97499407543859,61.38131680294381
81,Netherlands,2013,11.01,75.63,97.6,100.0,42.88,71.64,67.09,99.94,62.19,61.31,0.74,54.12,76.289,84.31372549019608,86.54512668532888,47.08286940737952,70.85049339323203,69.36126851923147,61.74984323735413,65.10976024471
82,Netherlands,2014,14.95,75.63,97.9,100.0,46.63,71.64,66.56,99.93,62.19,57.9,0.69,54.37,76.289,84.31372549019608,86.69332423567664,49.40005445772009,72.81639726140723,69.095330494049,60.041167756511335,65.23707569960982
83,Netherlands,2015,1.61,75.63,96.9,100.0,43.73,71.64,67.04,99.95,62.19,59.44,0.6,54.59,76.289,84.31372549019608,86.19925377535473,41.13977331931267,71.29708109568,69.33618466515082,60.81344544218572,65.3490854212113
84,Netherlands,2016,0.67,78.15,95.8,100.0,43.76,71.64,66.32,99.89,62.19,59.58,0.62,55.4,76.289,84.31372549019608,86.93014019130632,40.804212492801696,71.31283217758484,68.97486981707887,60.88360131914067,65.76126242041171
85,Netherlands,2017,6.27,78.15,96.0,100.0,45.41,88.92,66.95,100.0,62.19,60.87,0.69,56.63,76.289,84.31372549019608,87.02916862571902,44.505848837273945,72.1780330213794,77.85728805715635,61.529646018590086,66.38650485678892
86,Netherlands,2018,0.0,76.47,94.3,100.0,47.76,88.92,65.53,100.0,62.19,61.17,0.69,58.65,76.289,90.19607843137254,85.33836264685502,39.50631598136268,73.40667778237918,77.13605543214163,61.67978915095756,67.41166797346891
236,Netherlands,2019,0.0,76.47,95.7,100.0,50.93,89.54,64.41,100.0,62.19,60.18,0.69,60.95,76.289,90.19607843137254,86.03117615199612,39.827045233733315,75.05777038337435,76.87192258468218,61.184174571560156,68.5765372939258
158,Netherlands,2020,0.0,73.11,94.9,100.0,58.79,89.54,66.65,99.96,62.19,59.22,0.69,75.97,76.289,90.19607843137254,83.93412141134083,38.856240256405854,79.12410102369213,78.01079007654464,60.70318344798943,76.12948329144997
478,Netherlands,2021,0.0,73.11,94.9,100.0,57.51,89.53,68.27,99.96,62.19,61.76,0.69,60.73,76.289,92.15686274509804,83.93412141134083,38.856240256405854,78.4643572987995,78.82814345254977,61.97496270665132,68.4652216819494
582,Norway,2013,,,,,,,,,,,3.858181818181819,,,,,,,,,
583,Norway,2014,,,,,,,,,,,5.77375,,,,,,,,,
584,Norway,2015,,,,,,,,,,,6.13375,,,,,,,,,
585,Norway,2016,,,,,,,,,,,15.43090909090909,,,,,,,,,
586,Norway,2017,,,,,,,,,,,12.894,,,,,,,,,
87,Poland,2012,66.2,83.19,26.2,96.72987667377147,53.21,75.24,67.41,54.66,80.23,16.68,0.21,91.75,80.15899999999999,80.3921568627451,53.909242650827466,60.0231157134976,74.64890432297013,71.31424920419448,47.307329835316494,85.9349449514157
88,Poland,2013,63.21,83.19,20.8,100.0,54.11,75.24,66.99,44.95,81.5,17.16,0.21,90.37,80.15899999999999,80.3921568627451,50.98288358045924,57.06363991370954,76.70739535366927,71.10302888420613,48.175965993908825,85.24920411817101
89,Poland,2014,69.92,78.15,35.8,100.0,56.75,75.24,66.34,36.99,81.5,17.3,0.22,67.59,80.15899999999999,80.3921568627451,56.57052853597329,63.209967689855596,78.07220383460528,70.77600268902928,48.25355275795744,73.84773202626879
90,Poland,2015,66.34,78.15,39.7,100.0,56.03,75.24,65.63,0.0,81.5,17.59,0.13,65.37,80.15899999999999,80.3921568627451,58.60473306155421,62.460385633853804,77.7003873201612,70.41859588242849,48.41410876344133,72.72685362683714
91,Poland,2016,67.99,75.63,54.8,99.34449998127756,53.55,75.24,64.34,49.16,81.5,18.12,0.13,68.64,80.15899999999999,80.3921568627451,65.13142747820775,66.5591790213164,76.098265314566,69.7686953684477,48.70699565290765,74.37718149850431
92,Poland,2017,66.07,75.63,46.0,94.2331306978649,50.6,75.24,64.38,62.04,81.5,19.12,0.12,73.12,80.15899999999999,80.3921568627451,60.63245998154341,63.34539403540778,72.08204034505721,69.78885769887208,49.25777991547985,76.63141549526559
93,Poland,2018,60.07,57.98,52.0,94.38633460222569,50.76,75.24,64.34,41.25,81.5,19.69,0.12,78.69,80.15899999999999,84.31372549019608,54.98186658643518,57.52030567261776,72.23949642081496,69.7686953684477,49.570704977681835,79.42416036990065
240,Poland,2019,60.07,57.98,45.0,97.22810058797923,54.86,75.24,65.4,35.78,81.5,19.91,0.12,77.73,80.15899999999999,84.31372549019608,51.44897445584809,55.74280695299759,75.74448144685687,70.30277235420549,49.691292313856486,78.94356575088506
159,Poland,2020,60.07,54.62,45.0,100.0,58.14,75.24,65.3,26.98,81.5,16.65,0.12,75.13,80.15899999999999,84.31372549019608,49.78673433538945,54.90426253361979,78.78918737705801,70.25240755176331,47.892894804260244,77.64042761192464
492,Poland,2021,60.07,54.62,45.0,100.0,52.37,75.24,65.14,26.98,81.5,17.81,0.12,70.97,80.15899999999999,86.27450980392157,49.78673433538945,54.90426253361979,75.80556474526794,70.17181533154046,48.53576864248938,75.55052235100824
94,Portugal,2012,68.08,89.92,39.4,100.0,85.49,27.86,75.73,99.94,92.97,61.92,3.858181818181819,75.3,66.154,68.62745098039215,64.1512779353265,66.1127203225772,92.71659071636887,51.21721945739091,77.28818030807582,70.71220439916033
95,Portugal,2013,70.41,89.92,45.0,100.0,86.72,27.86,74.39,99.93,93.38,66.85,3.858181818181819,67.11,66.154,68.62745098039215,67.07784141569208,68.74190152560672,93.3363645749758,50.5727508592287,80.00460394958185,66.63182854616844
96,Portugal,2014,67.64,85.71,48.5,100.0,86.68,27.86,74.15,99.83,93.38,74.98,33.86,62.71,66.154,68.62745098039215,66.84319113057612,67.24147753778516,93.31621673528288,50.457288090737535,84.12961210414784,64.42969859189141
97,Portugal,2015,67.91,85.71,51.3,100.0,82.98,27.86,73.68,99.58,93.38,77.88,38.5,57.87,66.154,68.62745098039215,68.28628756103839,68.09811778999178,91.45035654852336,50.231141730790554,85.59487428240529,61.998155313332575
98,Portugal,2016,66.83,78.99,49.9,100.0,84.33,27.86,71.86,100.0,93.38,79.9,36.75,60.32,66.154,68.62745098039215,64.27923844267859,65.55337849021518,92.13165123712263,49.3550215497324,86.61375348058274,63.23026950037623
99,Portugal,2017,67.64,78.99,60.2,100.0,80.32,55.21,72.23,100.0,93.38,87.62,12.894,59.36,66.154,68.62745098039215,69.53136465784836,68.58503033615811,90.1061813186051,63.66297912701147,90.49541657642996,62.74780099345003
100,Portugal,2018,67.37,73.95,56.6,100.0,83.3,55.21,72.12,100.0,93.38,89.12,12.894,64.08,66.154,78.43137254901961,65.21716003106057,66.29270607115247,91.61190242839562,63.60866732905207,91.24751376997642,65.11617423958148
244,Portugal,2019,67.37,73.95,58.9,100.0,86.38,55.22,72.9,100.0,93.38,91.42,12.894,69.68,66.154,78.43137254901961,66.38227176725981,66.87595352837758,93.16509214421856,63.99878344648771,92.39948029192242,67.91471149561748
160,Portugal,2020,67.37,68.07,56.9,100.0,91.2,56.06,72.55,100.0,93.38,71.18,12.894,63.54,66.154,78.43137254901961,62.46000221385275,64.91035760520444,95.58987039801302,64.25197624113537,82.20486669438873,64.84568276028845
506,Portugal,2021,67.37,68.07,56.9,100.0,92.02,56.06,72.31,100.0,93.38,73.02,12.894,59.11,66.154,86.27450980392157,62.46000221385275,64.91035760520444,96.0017064222798,64.13341630017835,83.13754262805071,62.62209136959342
101,Romania,2012,80.44,84.03,51.9,100.0,87.58,28.09,82.49,,90.29,20.15,0.89,67.63,,58.82352941176471,67.77306964123639,74.07943287714774,93.76942409522485,54.58651977500572,54.00196167314063,
102,Romania,2013,85.85,84.03,54.5,100.0,92.18,28.09,74.76,,88.77,20.17,0.89,67.55,,58.82352941176471,69.10624405870128,77.43279013555764,96.08204240143233,50.872807017592145,53.290933586003874,
103,Romania,2014,88.05,89.92,46.1,100.0,92.26,28.09,74.41,,88.77,21.75,5.77375,67.91,,58.82352941176471,67.649790721097,77.78285353312492,96.1222076796688,50.7044041237553,54.158926831993924,
104,Romania,2015,83.89,89.92,47.5,100.0,92.33,28.09,73.42,,88.77,23.29,6.13375,68.53,,58.82352941176471,68.37645578460179,76.09363499224695,96.1573508178285,50.22793785982765,55.00021685350709,
105,Romania,2016,88.36,92.44,49.9,100.0,92.56,28.09,71.55,,88.77,23.35,15.43090909090909,68.97,,58.82352941176471,70.84655145987732,79.55500043446398,96.27281142105899,49.32742289275298,55.03290556158387,
106,Romania,2017,93.38,92.44,51.7,100.0,91.07,76.99,71.28,,88.77,24.94,12.894,69.5,,58.82352941176471,71.77760489662975,82.50793203504867,95.52456167548453,74.12950102968279,55.89686702666315,
107,Romania,2018,100.0,91.6,45.6,100.0,90.67,76.99,72.39,,88.77,24.25,12.894,70.33,,62.745098039215684,68.20577756719636,83.95160966544782,95.3235812474294,74.68645805764707,55.5224729683448,
248,Romania,2019,100.0,91.6,36.7,100.0,91.97,76.99,72.46,,88.77,24.05,12.894,70.86,,62.745098039215684,63.54050165289207,81.5650845162709,95.97659994371776,74.72156666382817,55.413802190973186,
161,Romania,2020,100.0,90.76,37.0,100.0,93.08,77.0,70.76,,88.77,20.3,12.894,71.61,,62.745098039215684,63.293846528461536,81.43862362666196,96.53379815447236,73.87340978545635,53.3625475342868,
520,Romania,2021,100.0,90.76,37.0,100.0,90.6,77.0,70.65,,88.77,22.13,12.894,71.51,,64.70588235294117,63.293846528461536,81.43862362666196,95.28840492183711,73.81817021985988,54.366935211849885,
587,Slovenia,2013,,,,,,,,,,,3.858181818181819,,,,,,,,,
588,Slovenia,2014,,,,,,,,,,,5.77375,,,,,,,,,
589,Slovenia,2015,,,,,,,,,,,6.13375,,,,,,,,,
590,Slovenia,2016,,,,,,,,,,,15.43090909090909,,,,,,,,,
591,Slovenia,2017,,,,,,,,,,,12.894,,,,,,,,,
108,Spain,2012,72.69,84.03,53.2,100.0,75.18,29.1,72.29,99.79,77.74,40.22,7.73,72.27,96.338,86.27450980392157,68.44014674897119,70.56187342641381,87.50174760074384,50.21783204758312,58.675650748582356,84.21777472455291
109,Spain,2013,74.89,84.03,58.5,100.0,79.8,29.1,70.67,99.84,77.21,42.77,7.73,71.45,96.338,86.27450980392157,71.14996997647863,73.01759016986931,89.84312794543841,49.43653940712165,59.738840910202235,83.80131960042108
110,Spain,2014,70.1,84.03,59.0,100.0,79.17,29.1,70.4,99.86,77.21,45.53,5.77375,71.0,96.338,86.27450980392157,71.40484925616907,70.75212381523276,89.5243021184707,49.30627047131287,61.16291621069321,83.57266226821837
111,Spain,2015,70.5,84.03,61.1,100.0,76.09,29.1,70.14,99.65,77.21,46.16,6.13375,70.82,96.338,86.27450980392157,72.47399444785786,71.48631584210881,87.96354924245178,49.18081162233545,61.48721511287828,83.4811763149507
112,Spain,2016,70.28,90.76,61.8,100.0,78.05,29.1,67.51,99.96,77.21,47.19,13.5,70.56,96.338,86.27450980392157,76.14160966629134,73.20493668687621,88.957153496225,47.91091637125651,62.01683555551414,83.34900657390845
113,Spain,2017,65.67,90.76,64.0,100.0,75.65,27.91,69.62,99.91,77.21,49.3,12.34,70.63,96.338,86.27450980392157,77.26365565372824,71.44328869899968,87.7402995576346,48.302217070526495,63.09961220429983,83.38459345808586
162,Spain,2018,65.67,89.92,66.1,100.0,76.69,27.91,69.36,99.82,77.21,48.27,12.34,70.11,96.338,88.23529411764706,77.91867671239162,71.76818062627561,88.26786401535087,48.17687656052364,62.57141042465378,83.12018560353506
252,Spain,2019,65.67,89.92,66.8,100.0,80.24,42.29,69.1,99.82,77.21,48.03,12.34,69.67,96.338,88.23529411764706,78.27437510031822,71.94455491895874,90.06571767726331,55.53185963064772,62.44823715043408,82.89636844331135
163,Spain,2020,65.67,88.24,55.5,100.0,87.44,42.53,68.83,99.95,77.21,35.61,12.34,69.39,96.338,88.23529411764706,71.68168898408436,68.66926401789186,93.69894146939642,55.523031795636314,56.0159972757721,82.75389725283415
534,Spain,2021,65.67,88.24,55.5,100.0,83.89,42.52,68.57,99.95,77.21,40.28,12.34,66.74,96.338,88.23529411764706,71.68168898408436,68.66926401789186,91.90966477289909,55.390651533676085,58.449110561517664,81.40384955954326
114,Sweden,2012,73.77,89.08,58.1,100.0,83.74,27.35,75.0,96.51,100.0,37.09,3.858181818181819,96.81,84.848,82.35294117647058,73.42557625447782,73.59776797924214,91.83397323575122,50.59516997394264,67.79146676258611,90.80929159924433
115,Sweden,2013,72.29,89.08,57.0,100.0,85.44,27.35,74.53,95.84,100.0,36.89,3.858181818181819,96.07,84.848,82.35294117647058,72.86222848571059,72.57605784578685,92.69138662637995,50.36922021081497,67.68522993817098,90.44158527419461
116,Sweden,2014,73.99,78.15,56.8,100.0,87.43,27.35,74.19,95.93,100.0,38.01,5.77375,95.46,84.848,82.35294117647058,67.39015125402734,70.68237015092285,93.69390676734463,50.20574157992334,68.27963725099656,90.13837551728624
117,Sweden,2015,73.55,78.15,59.4,100.0,87.6,27.35,74.13,95.48,100.0,38.23,6.13375,95.07,84.848,82.35294117647058,68.71087539643426,71.12632161965283,93.77949255417757,50.17689016334835,68.39624935918616,89.94447206844102
118,Sweden,2016,71.31,77.31,61.7,100.0,88.28,27.35,73.51,95.76,100.0,40.77,15.43090909090909,95.82,84.848,82.35294117647058,69.46107167548548,70.3849287087415,94.12174796966899,49.878719093240974,69.73925867617322,90.3173300202922
119,Sweden,2017,71.93,77.31,49.2,100.0,89.41,50.71,72.12,96.02,100.0,42.73,12.894,96.15,84.848,82.35294117647058,63.09735557221308,67.49922161360655,94.69018890274518,61.32115710608689,70.77162155856374,90.48134372887566
120,Sweden,2018,60.61,71.43,51.2,100.0,90.36,50.71,71.16,95.7,100.0,42.52,12.894,96.23,84.848,92.15686274509804,61.23113107919214,60.92048637796177,95.1677895921261,60.848746823803225,70.66116922014865,90.52110062254528
256,Sweden,2019,60.61,71.43,54.6,100.0,91.65,51.23,70.67,95.74,100.0,43.53,12.894,96.22,84.848,92.15686274509804,62.958621371083794,61.78319462530167,95.8159016870584,60.87211654988707,71.19205512792368,90.51613109613682
164,Sweden,2020,60.61,76.47,50.7,100.0,95.6,51.25,71.07,95.86,100.0,33.71,12.894,96.15,84.848,92.15686274509804,63.453411070641266,62.030076168222,97.79752532441934,61.07930711147818,65.99035854827572,90.48134372887566
548,Sweden,2021,60.61,76.47,50.7,100.0,96.28,52.54,71.47,95.86,100.0,31.6,12.894,94.94,84.848,94.11764705882354,63.453411070641266,62.030076168222,98.138237295626,61.93243583378433,64.85941869480897,89.87982921008246
121,United Kingdom,2012,48.57,73.11,38.1,100.0,60.82,67.45,68.3,99.8,87.45,50.05,3.858181818181819,81.84,,78.43137254901961,55.324043492348586,51.93603608304677,80.16860677096173,67.8748669419186,68.49198804739646,
122,United Kingdom,2013,48.21,73.11,46.5,100.0,62.53,67.45,69.06,99.76,88.59,53.91,3.858181818181819,85.08,,78.43137254901961,59.655577994444705,53.902361577754604,81.04680822108645,68.25452527864078,71.03656344584026,
123,United Kingdom,2014,49.64,69.75,48.1,100.0,68.03,67.45,69.22,99.72,88.59,45.48,5.77375,86.63,,78.43137254901961,58.82492110796939,54.2129892661178,83.86186946579659,68.33442690425002,66.68132647340069,
124,United Kingdom,2015,50.45,69.75,47.9,100.0,70.59,67.45,71.15,99.44,88.59,47.14,6.13375,86.69,,78.43137254901961,58.722875491291674,54.570748106245475,85.16751666772642,69.29753032932231,67.54270268103359,
125,United Kingdom,2016,49.02,66.39,58.5,100.0,73.99,67.45,71.82,99.92,88.59,47.76,15.43090909090909,85.8,,78.43137254901961,62.43252914824031,55.68580025789512,86.89737654406981,69.63157132298308,67.86392029983307,
126,United Kingdom,2017,49.19,66.39,58.6,100.0,75.89,96.24,73.76,99.95,88.59,51.14,12.894,84.24,,78.43137254901961,62.48285323605518,55.796761981443964,87.8620811290906,84.92543500986778,69.61053573689303,
165,United Kingdom,2018,49.19,67.23,56.2,100.0,77.17,96.24,72.9,99.84,88.59,53.9,12.894,82.19,,78.43137254901961,61.69032080524128,55.404843629563324,88.51121988134764,84.48918786478667,71.03142355704954,
260,United Kingdom,2019,49.19,67.23,56.2,100.0,79.33,97.21,71.01,99.79,88.59,53.64,12.894,80.56,,78.43137254901961,61.69032080524128,55.404843629563324,89.605286971764,84.0075096977876,70.89776598710735,
166,United Kingdom,2020,49.19,67.23,56.2,100.0,84.41,100.0,70.74,99.82,88.59,49.98,12.894,79.63,,78.43137254901961,61.69032080524128,55.404843629563324,92.17200570114662,85.24393326795298,69.01194698173957,
562,United Kingdom,2021,49.19,67.23,56.2,100.0,84.41,100.0,70.83,99.82,88.59,50.69,12.894,77.61,,78.43137254901961,61.69032080524128,55.404843629563324,92.17200570114662,85.28977873672358,69.37842613422926,
