Country,Indicator,Slope,Intercept,Rvalue,Pvalue,Stderr,AnnualGrowth,estimateLRln,lastValue
Belgium,nitro,0.02882274679781229,-55.69897280970741,0.9397298608038382,0.06027013919616174,0.007415476527334955,0.02924214183998397,10.717765290377553,10.656565656565657
Belgium,phospho,0.07292862271758187,-145.54664825912818,0.894427190999916,0.10557280900008408,0.025784161833098708,0.07565375693257015,4.148549157346594,4.000000000000001
Belgium,eutro,0.0,4.605170185988093,0.0,1.0,9.362222582871203e-17,0.0,100.0,100.0
Belgium,wasteG,-0.005386270449308806,13.209395293064194,-0.0553617073592092,0.9295473085276155,0.056085615796817326,-0.0053717905039312175,12.987457969172322,9.30232558139535
Belgium,wasteR,0.00915593673502991,-13.878007123756003,0.7684029165291508,0.015561227662332556,0.002882185392755087,0.009197980542627215,99.94479355783018,99.5991983967936
Belgium,mspVal,0.0638425034726266,-124.37492754399555,0.8029550685469662,0.40651972837366046,0.047390768441563605,0.06592450613244116,94.67481693343042,100.0
Belgium,ohiBio,-0.0034734700661833546,11.112071463366462,-0.46844991969948413,0.1461451389026131,0.002183638792407737,-0.003467444547538112,63.05144686171474,60.47
Belgium,co2,0.012124095946801978,-20.763955230636086,0.7870750211712572,0.006892537133486802,0.003359486807643934,0.012197890728176342,42.08458881270635,41.83368133597215
Belgium,phCopernicus,-0.0016134515724982026,7.551824887749316,-0.9893280283275152,0.09309030262295709,0.00023762446618182047,-0.0016121506592573498,73.09246054213246,73.0824334889545
Belgium,fmsyF,0.014241473746312362,-24.2195695683264,0.9999957026809668,0.001866354227426945,4.1751312215843735e-05,0.01434336666070446,97.17813289386982,97.1828179901185
Belgium,bBmsy,-0.0005049196401495663,5.549023422780714,-0.14999059954984048,0.9041513134508189,0.003328259899287045,-0.0005047921896796925,91.51898891770931,91.87138624789189
Belgium,kbaMPA,0.00030204079472726517,3.963285455958507,0.6841723987591729,0.020234868255162866,0.00010732406499811543,0.000302086413640934,96.79170938362054,96.85317
Belgium,natura2kEEZ,0.0,4.605170185988092,0.0,1.0,0.0,0.0,100.0,100.0
Belgium,fseRiskkRatio,0.1504977075362329,-302.52871762365936,0.7713037177782169,0.04228718420700563,0.05553867661107482,0.1624126403112207,2.809956607691431,2.298623306751937
Belgium,tacCatch,0.019995351162054815,-35.82416129869719,0.8460792012738345,0.3579139068705657,0.012597716635836167,0.020196597287078788,95.85139088376236,97.2558923727438
Belgium,compositeIUU,-0.22290081567275477,454.64191702927997,-1.0,0.0,0.0,-0.19980578791669235,64.03107770516253,64.03107770516252
Belgium,fteCoastalPop,0.010844024423718228,-19.792124007364446,0.3473667338835613,0.35969910917014464,0.01106447356639522,0.010903033963975961,9.05407534051029,7.612006301514921
Belgium,gvaHoursW,-0.018567106040888945,41.77558150067728,-0.32491501772036996,0.3935888560201411,0.020426720549857127,-0.018395799190084494,63.11913860394592,79.08410261862667
Belgium,economies,-0.034866294292999304,74.04801049817756,-0.11838455499728179,0.7616278879864905,0.11053425817758197,-0.034265468156016055,73.29410126566853,21.297335190497357
Belgium,gvaNights,0.007673952372961897,-11.652251461158336,0.15994602447363854,0.6810274590971142,0.01790066296092423,0.00770347260945492,48.204589042792534,41.541087996819215
Belgium,oResearch,-0.09163674949026551,183.29891671020337,-0.975814570524801,0.004498655405689866,0.011852002748415505,-0.08756346761055622,0.21528942202753404,0.2211828001038746
Belgium,sadTac,-0.0016468839093755076,7.899260848468643,-0.9319379758406703,0.23623384800882677,0.0006408036800806374,-0.001645528540217378,96.68723550602368,96.6157195673523
Belgium,ohiArt,-0.002837009626748815,10.082379490532203,-0.767584749020824,0.005813893812217677,0.0007896518402538244,-0.0028329891179105227,77.28599049412384,78.66
Belgium,threatenedFish,0.007713663490913462,-11.132212218705945,0.6199096738574505,0.5743384591072851,0.009763849639096555,0.007743490435486944,84.01475117200158,84.9673202614379
Belgium,imoRatedf,0.0162457786986599,-28.35653306388992,0.8239739857866166,0.38350437029294443,0.01117184187310432,0.016378458885307978,90.77972935229954,90.19607843137256
Denmark,nitro,0.021239840347515315,-39.930504254448344,0.6640341621437095,0.33596583785629053,0.016911203120326176,0.02146701126371031,17.976212030988464,17.583333333333336
Denmark,phospho,0.013353139262452263,-25.870106628605086,0.25819888974716115,0.7418011102528388,0.03532908571046114,0.013442690579665628,2.973921767722749,2.8571428571428577
Denmark,eutro,-0.25581568395435933,518.8234017047142,-0.40935617830637266,0.21121983347300732,0.19005433402447663,-0.22571533127075927,7.744735687608714,0.4098360655737705
Denmark,wasteG,-0.02336148511815055,50.8015720060873,-0.6199295753709116,0.2646498523735415,0.017071731429461112,-0.02309071822865394,34.92772294342525,33.33333333333333
Denmark,wasteR,-0.020420239842564716,45.72363053691267,-0.5672476021860032,0.11118410987976664,0.011205408624154535,-0.020213158689229793,84.58798181467698,73.24649298597194
Denmark,mspVal,0.14592572222314645,-290.6025658714372,0.9176629354822471,0.2601469382930059,0.06318769125541811,0.15711023728272,107.5690586220184,100.0
Denmark,ohiBio,-0.0017654663441558215,7.685533443083997,-0.6571437562331537,0.02801946540663406,0.0006750157808337359,-0.001763908825166971,61.61259174612532,61.61
Denmark,co2,0.045776088676053435,-88.29141553667868,0.9394468091598605,5.465296526953005e-05,0.005903763419965786,0.04683998538555878,71.52919155249883,68.10370519977805
Denmark,phCopernicus,-0.00266018410739525,9.650849870102464,-0.9518904595294154,0.19827475931689076,0.0008563830156238058,-0.0026566489530678306,71.67525892384144,71.71070629705237
Denmark,fmsyF,-0.00649864251667563,17.603667746191675,-0.60169204987957,0.5889869094185122,0.00862675316261988,-0.006477572007339338,89.41572191258305,88.52944517478029
Denmark,bBmsy,-0.00030048664919492046,5.168863526683366,-0.936950343753356,0.2272716000850775,0.00011207511961549676,-0.0003004415076033329,95.74302329192118,95.7306336825142
Denmark,kbaMPA,0.00010450492841595444,4.251928055883397,0.8549040442712269,0.0007981966189298123,2.1139101478505563e-05,0.00010451038924630396,86.75401486438557,86.74673
Denmark,natura2kEEZ,0.0,4.102207229642785,0.0,1.0,0.0,0.0,60.47361956180192,60.47361956180192
Denmark,fseRiskkRatio,-0.004549630684309568,8.872954458837047,-0.18792858687575018,0.6558423767648608,0.009707333472180321,-0.004539296792364977,0.6770756225013522,0.7720496877478951
Denmark,tacCatch,0.0018189504590869943,0.8920562322893661,0.819822134120983,0.3881445260155801,0.0012704758731790623,0.00182060575295373,96.11765394808161,96.258763869629
Denmark,compositeIUU,0.12475789362952039,-247.94955947962774,1.0,0.0,0.0,0.1328741438149883,65.76866740278781,65.76866740278781
Denmark,fteCoastalPop,0.004932802850930022,-7.097647287736873,0.20916653670991925,0.589120679005249,0.00871641925702349,0.0049449891522141964,15.82253450820673,16.145873240556792
Denmark,economies,0.14674767897669425,-292.2116284867809,0.40535431022694496,0.279096208502834,0.1250862227608216,0.15806172284327524,14.570368269896191,61.90596504629444
Denmark,gvaNights,0.00011854836793824635,4.290899399960553,0.004099808148553044,0.9916480564097103,0.010928973556951287,0.00011855539507377166,81.96690437540158,100.0
Denmark,sadTac,0.00035141501301818695,3.6988729625237897,0.03717401475982717,0.9763288331561226,0.009446709478232798,0.0003514767665073748,84.95812435149645,84.0364270238035
Denmark,ohiArt,0.007058009908273979,-9.914381560103982,0.7151050767295114,0.013374601399121942,0.00229974068871629,0.007082976363472104,75.65570185449602,74.63
Denmark,threatenedFish,0.002278492354954236,-0.13489606492744688,0.3079321751065709,0.8007260237463395,0.007039785835478146,0.002281090091259541,85.44124470712302,86.13861386138613
Denmark,imoRatedf,0.015093769859561913,-25.978090306122027,0.996494400702225,0.0533216046976247,0.0012671792302446625,0.015208256088203198,92.08946486388088,92.15686274509804
Estonia,nitro,,,0.0,,,,50.23809523809525,50.23809523809525
Estonia,phospho,,,0.0,,,,100.0,100.0
Estonia,eutro,0.2098525343586882,-421.6412197349684,0.5430949723431617,0.08425735621785348,0.10814998860211442,0.23349614824365283,30.200505527763628,100.0
Estonia,wasteG,-0.08675243733663783,178.23688298086887,-0.8333083761889133,0.07962254649449166,0.03322691042175819,-0.08309594125097208,23.508895581781164,25.0
Estonia,wasteR,0.058661633599978794,-113.94279438602902,0.7588728857113014,0.017739717654390714,0.01902726419479154,0.06041637075891382,70.49097626527445,87.57515030060121
Estonia,mspVal,0.1368053645841998,-271.9787955727082,0.9933992677987828,0.07318639504032738,0.015796922813854555,0.1466049568680643,98.19246396452725,100.0
Estonia,ohiBio,-0.014562691266585066,33.534207068409366,-0.8315741496568329,0.0015069433355041596,0.003242171877248975,-0.014457168132749443,61.60285688774406,61.56
Estonia,co2,0.07162553394463582,-141.00140441974415,0.7927217759478257,0.006235526948580618,0.01947311268816027,0.07425299745352154,51.03057452901593,45.744259277149
Estonia,phCopernicus,-0.0007170476463366124,5.626159517567785,-0.07145625976066819,0.9544707305904683,0.010009125643763212,-0.0007167906291078996,63.31437315263046,63.68131164614912
Estonia,fmsyF,-0.01953895075823732,43.84323538058094,-0.9450546331933206,0.2120164402927273,0.006758895992911268,-0.01934930264347423,78.17035236914404,77.56264629418051
Estonia,bBmsy,-0.0044919343375398055,13.648425531832483,-0.9099793282170762,0.2721945000215967,0.0020468561903724774,-0.004481860689526385,95.45393580155714,95.6798085669637
Estonia,kbaMPA,2.3541589420931917e-05,4.533567123971648,0.9210629873229376,5.693177166008197e-05,3.3176941073341786e-06,2.3541866526421984e-05,97.6326715774631,97.62768
Estonia,natura2kEEZ,0.0,4.123309019356815,0.0,1.0,0.0,0.0,61.763280385540405,61.763280385540405
Estonia,fseRiskkRatio,-0.11952172834338352,243.50503316791088,-0.19376835288175273,0.6456759795290962,0.24704629402649378,-0.11265527292134758,3.201794048845492,3.1998793045739085
Estonia,tacCatch,-0.0022176036535440473,9.058140013881442,-0.7279725750266685,0.48092559936356044,0.002088544235046744,-0.0022151465871640408,96.2462967359905,96.4786885689339
Estonia,compositeIUU,0.0,4.262005611202928,0.0,1.0,0.0,0.0,70.9521432613696,70.9521432613696
Estonia,fteCoastalPop,-0.047451877133067526,99.7701591422866,-0.8185521961124893,0.006981718424938916,0.012586261266719991,-0.046343635293261465,50.29588988117285,41.38294981850449
Estonia,gvaHoursW,0.051075128795437665,-100.236313062438,0.9009841147167169,0.0009118812648644456,0.009295762038931187,0.052401956004494155,19.568103025267725,18.786201464563607
Estonia,economies,0.07687949271556074,-150.94794551062574,0.5408565918925953,0.13268172421935231,0.0451891995801158,0.07991193129676755,97.60483964591056,54.68799880896064
Estonia,gvaNights,0.049206323415781524,-95.0422747929641,0.812068016962414,0.007841575235720098,0.013364942241676366,0.050437058145253344,86.89804631639267,75.93053481275523
Estonia,sadTac,-0.0011684375667393326,6.855349804898266,-0.15683305064768993,0.899743081309139,0.007358004560258545,-0.0011677552093555255,91.67575233171269,90.9001479327944
Estonia,ohiArt,0.006357320145820976,-8.307804515477548,0.7324178370556004,0.010369133755920417,0.0019699210391827763,0.006377570796084031,95.25733515642193,99.24
Estonia,threatenedFish,0.01012047445131584,-15.946182918444691,0.8432175390388656,0.36131711234624986,0.006452058214523769,0.010171859654124704,89.57406606394287,90.2439024390244
Estonia,imoRatedf,0.00829667050957224,-12.358805178028076,0.9931860946286235,0.07436011998945095,0.0009735206899918515,0.00833118326129334,82.39924168157413,82.3529411764706
Finland,nitro,-0.028617550226095276,61.00998018806303,-0.799681300771047,0.030866429819753932,0.009609240399751409,-0.028211946473646,24.94174999427356,24.252873563218394
Finland,phospho,-0.0720745772016898,146.77569631190272,-0.7736123047163327,0.04128337380609276,0.026401553869000845,-0.06953849799145984,3.5076699694980564,3.448275862068966
Finland,eutro,-0.05760020294577413,117.11385879083701,-0.31286196413124895,0.3488782947325477,0.05828831744606487,-0.05597270866853321,2.082004830939419,0.78125
Finland,wasteG,-0.03681004941091759,77.90978718253265,-0.671471384836475,0.2145554816179515,0.023453860509135806,-0.036140796414943166,35.05499059353324,33.33333333333333
Finland,wasteR,0.08793960003415524,-172.88790424789568,0.8797966377856924,0.0017594177421489466,0.017958369789026218,0.0919221679747555,103.26974368262171,99.5991983967936
Finland,mspVal,0.14592572222314645,-290.6025658714372,0.9176629354822471,0.2601469382930059,0.06318769125541811,0.15711023728272,107.5690586220184,100.0
Finland,ohiBio,-0.014642278757392161,33.61444188606325,-0.7420744896941689,0.008923982461818065,0.004408800259871418,-0.014535601892606165,58.34054040265143,56.52
Finland,co2,0.03607498586777445,-68.99304996835981,0.9125659016762435,0.00022982137051022223,0.005715385926998502,0.03673358394372506,51.063438384993034,51.70816345641972
Finland,phCopernicus,-0.001381286824720208,6.978939583890212,-0.23462293710124138,0.8492289193741218,0.005722928160215285,-0.0013803332871609175,64.76972196673017,64.9840837596606
Finland,fmsyF,-0.017847010748011632,40.50054261034512,-0.997299409560516,0.04679745871034755,0.0013142889998173405,-0.017688696065351728,82.96673202842898,82.8409163620593
Finland,bBmsy,-0.004244336717061084,13.149940225628345,-0.9091518447259781,0.27346217060061484,0.0019442481688906222,-0.004235342249659491,95.69406793703003,95.9091447912472
Finland,kbaMPA,0.0019575809825593494,0.15499900172572323,0.8122883565078831,0.002383021505142332,0.00046854090356694705,0.001959498295105,60.967451348507645,60.85425
Finland,natura2kEEZ,0.017123756247779846,-31.099382870751494,0.8847895113706647,0.11521048862933525,0.00637707479939509,0.017271208203199828,34.04613297936278,33.278971956886934
Finland,tacCatch,-0.007637025643720363,19.975091038488557,-0.8719315797773012,0.32573463002701025,0.004288524082601393,-0.007607937659042441,91.6676286846372,92.1226890035696
Finland,compositeIUU,0.0919257442412571,-181.62256055693803,1.0,0.0,0.0,0.09628341370165217,64.03107770516253,64.03107770516252
Finland,fteCoastalPop,-0.035802369881853674,74.88242840138169,-0.8641387096470092,0.0026580806791666003,0.007880726850034478,-0.035169045702168056,13.083087953889606,11.662557409117023
Finland,gvaHoursW,-0.019611665597773952,42.795572310043724,-0.3585953273723231,0.3432981292625133,0.019296207078968234,-0.019420607909067078,22.409064879910346,27.423563639036562
Finland,economies,-0.01229626209529747,28.755382719302855,-0.08909741522680589,0.819688677618145,0.05195511583238422,-0.012220971976173667,32.320086629433824,30.287034817206294
Finland,gvaNights,-0.0036846931885695876,11.56640085080545,-0.09382541533272445,0.8102570857445818,0.014777867208001534,-0.003677913036772118,63.51966122888364,55.92532318913851
Finland,oResearch,-0.004987439649492398,11.874552462837537,-0.22299168239401498,0.7184490578206044,0.012587890246337828,-0.004975023023331526,5.998178116379485,6.142723018800719
Finland,sadTac,-0.0038989120886739016,12.44358680703765,-0.9990621580600606,0.027573626810964813,0.00016897751065727336,-0.00389132119954394,95.63816147414447,95.61950252735531
Finland,ohiArt,-0.011548537606529553,27.69287342777013,-0.8725950872368395,0.0004566529195278385,0.0021548051353685025,-0.011482109208960756,75.4353480048508,77.45
Finland,threatenedFish,0.008897645975660416,-13.478563052359654,0.8512443458177339,0.3516969965071599,0.005485162461784835,0.008937347690856301,89.43176661091266,90.0
Finland,imoRatedf,0.018736054893836007,-33.37775996543001,0.950278968780017,0.2015957073000524,0.006139676162359266,0.01891267610751357,90.5163677472004,90.19607843137256
France,nitro,-0.08502506834249693,175.0542301449579,-0.7863468974163027,0.03598474719122964,0.029873445248655418,-0.0815107408904715,35.93915203450733,34.47712418300654
France,phospho,-0.21569267738582237,437.7661321530659,-0.4793322730232072,0.2764260309531271,0.17661473097179278,-0.19401703939359805,27.41291140794501,9.523809523809526
France,eutro,-0.2214865010372026,449.37243071804954,-0.5129803654167391,0.1065978468070426,0.12354214751042171,-0.19867326084523407,10.91682498352978,2.631578947368421
France,wasteG,-0.045258844681974164,94.55408773936436,-0.9816567647628162,0.0029740563258806338,0.00507499194587525,-0.04424994100762858,22.279459277308074,22.22222222222222
France,wasteR,0.016227206611575205,-28.50941941329132,0.9077508449692127,0.0007166346619152281,0.002834458545217804,0.016359582791343197,73.01776289829169,71.94388777555109
France,mspVal,0.14592572222314645,-290.6025658714372,0.9176629354822471,0.2601469382930059,0.06318769125541811,0.15711023728272,107.5690586220184,100.0
France,ohiBio,0.014278500495842731,-24.56324106673865,0.9421798310945322,1.446849739355289e-05,0.001692824519668264,0.014380925193810512,76.78728223717815,74.33
France,co2,0.024678054354762904,-45.533225160297015,0.8764392699458455,0.0008762082400657798,0.004793487332005146,0.024985077917121012,77.17792821391555,75.5728289467277
France,phCopernicus,-0.0042757495285038055,12.947427031796806,-0.9891015392917126,0.09407471712548457,0.0006364765932813436,-0.004266621525807146,74.28986859516341,74.26257431738834
France,fmsyF,0.002967714099658412,-1.4541805572000062,0.8691564002593062,0.32932494137831386,0.0016885860243052656,0.0029721221226524097,93.75527395002823,93.93825736601
France,bBmsy,-0.0007878133366823545,6.161473267007748,-0.9842622168218782,0.11309362363365282,0.0001414437704746977,-0.000787503093232278,96.35359679161928,96.3693350470772
France,kbaMPA,0.027036842115636034,-50.212339993412165,0.9094255580729,0.00010390695887093005,0.004121181618276986,0.027405653864132518,81.91817478756344,81.88238
France,natura2kEEZ,0.11877203422786815,-235.41322366457865,0.884830422046059,0.11516957795394098,0.0442225905646611,0.12611317376581788,117.14833043945262,100.0
France,fseRiskkRatio,0.2695717972904339,-541.793884397575,0.4118157307493294,0.5881842692506706,0.4217957847652268,0.30940364048481106,5.206779822683681,1.3118431789552008
France,tacCatch,0.014812119566256408,-25.360967417608613,0.9874896797916785,0.10080524728792015,0.00236521866524381,0.014922362647985299,97.60658765080241,97.87352723883839
France,compositeIUU,0.05922976303058025,-115.58469863863762,1.0,0.0,0.0,0.06101899567610003,61.47634373909694,61.476343739096905
France,fteCoastalPop,-0.018644306721957132,40.248749493529246,-0.8319760167953469,0.005409720028251294,0.004699286699109198,-0.018471576777848053,13.114901763551234,12.409120987388304
France,economies,-0.29481773013715684,597.7480251695937,-0.4357108882745488,0.2410818690677001,0.23019214371652535,-0.25533269449548246,3.062051821065998,0.2471554836806519
France,gvaNights,0.00463011937786478,-5.42808884726931,0.13095703597321995,0.7369998769137591,0.01324823456711024,0.00464085494317934,48.87064398032276,42.34838077464331
France,oResearch,-0.10101036921318096,207.51098140081362,-1.0,0.0,0.0,-0.09607634013985966,43.51330258197714,43.51330258197716
France,sadTac,0.002204396271757573,0.06953617202240459,0.9840877269436089,0.11372051137188534,0.00039801771215736907,0.0022068277395301816,92.33715990885484,92.379607014536
France,ohiArt,-0.0013207130998076316,7.0095007697528615,-0.32603777177713994,0.3278320663557749,0.0012764830156065125,-0.0013198413420845156,76.07855610933346,78.61
France,threatenedFish,0.00301326063077729,-1.567307400913542,0.534702525562194,0.6408473368902483,0.004762137309852399,0.0030178050639659837,90.83176570308235,91.33261105092092
France,imoRatedf,0.01498920126097467,-25.745141412782242,0.8962581595302719,0.2925500387964986,0.007417730899681029,0.015102102733840272,96.49078198454833,96.07843137254902
Germany,nitro,0.012194796735586544,-21.607662170657992,0.24998156262923635,0.5887528604924057,0.02112366923875532,0.012269456447303595,20.15245949008494,18.05733846812152
Germany,phospho,0.0,4.605170185988093,0.0,1.0,1.9860273225978183e-16,0.0,100.0,100.0
Germany,eutro,-0.09599771630081635,197.20188864045073,-0.19179746161393857,0.572098011787334,0.1637412588628649,-0.09153390927039307,38.29016301966686,50.0
Germany,wasteG,-0.020635095817054472,44.766311234539394,-0.972518704707638,0.005446171016278329,0.0028521808782406813,-0.02042364913243755,21.879360655886465,21.62162162162162
Germany,wasteR,-8.369320100184059e-05,4.773449785263081,-0.22530850685569784,0.5599813933021409,0.00013678884639262772,-8.368969882355248e-05,99.83293451424514,100.0
Germany,mspVal,0.0,4.605170185988092,0.0,1.0,0.0,0.0,100.0,100.0
Germany,ohiBio,-0.005086981238767949,14.374093266578871,-0.6942990649455416,0.017763141685810283,0.0017576634425196355,-0.005074064461455752,61.86169176668246,60.6
Germany,co2,0.0297985943891966,-56.452728563514015,0.9154688474355127,0.00020150979532112908,0.004630769421356565,0.03024701552708997,45.48283480913285,43.28829007007357
Germany,phCopernicus,-0.0028004530615848215,9.90945641041677,-0.925207655666004,0.24778123841337454,0.0011485672883892128,-0.002796535450791393,69.85524307386932,69.90158123847472
Germany,fmsyF,0.010756448395351037,-17.233548258576597,0.9626662525299551,0.17450441182394844,0.003024594589319436,0.01081450696767483,90.51475660488528,90.8314321558532
Germany,bBmsy,0.0033867005275373535,-2.305268511391996,0.8268060543755064,0.3803108116283116,0.0023040172246917923,0.0033924418773501053,93.19169474094282,93.4399566764646
Germany,kbaMPA,0.011625645430840924,-19.100052611467618,0.9183471812810619,6.602692389482557e-05,0.0016700832340794261,0.011693485888158106,83.19405676551156,80.79027
Germany,natura2kEEZ,0.0,4.605170185988092,0.0,1.0,0.0,0.0,100.0,100.0
Germany,fseRiskkRatio,-0.06183465069500387,127.28125936164727,-0.12317539137968471,0.8435657081512965,0.28762556736230366,-0.05996169137771068,10.124691550070485,12.577896881899953
Germany,tacCatch,-0.0015271187950470486,7.651681329874665,-0.7456155384683494,0.46431115228412334,0.0013648265484492092,-0.00152595334247696,96.40663471961021,96.2548208041123
Germany,compositeIUU,0.1626889264144986,-324.5323146724987,1.0,0.0,0.0,0.17667060160825687,70.95214326136959,70.9521432613696
Germany,fteCoastalPop,0.02310947867599969,-42.50434500098789,0.8985181760649543,0.0009914031477956363,0.004266932506354323,0.023378571545607407,64.92574643702993,61.64375429924777
Germany,gvaHoursW,0.05127137745466246,-99.65507352603277,0.8950174316343701,0.001112415012207032,0.009657387836269828,0.05260850874451184,54.917468721722464,48.44134867115893
Germany,economies,-0.11952810696036992,244.87209834828482,-0.3650613352467619,0.3340231348374417,0.11521185082456677,-0.11266093293544488,14.913845114906682,5.4694558463964675
Germany,gvaNights,0.019808994280781488,-35.640908024397035,0.7686111174291164,0.01551574202522631,0.006231522455681575,0.020006494344968484,82.80898233652627,85.36849669357767
Germany,oResearch,-0.07363009049390334,149.6659266383566,-0.8904753867085884,0.042789262730984864,0.02172271803434546,-0.0709847181267963,3.237501669204575,3.31571702999271
Germany,sadTac,-0.002656534912895526,9.83358343486711,-0.4467968302456599,0.7051293680601378,0.00531926404222331,-0.0026530094465562204,88.27847548499463,87.7379170210565
Germany,ohiArt,-0.0017417825784243103,7.803458934260375,-0.216043378736743,0.5234528386398498,0.0026239301931173112,-0.0017402665554708818,71.94588202656821,73.23
Germany,threatenedFish,0.005425687754145332,-6.5299822480419945,0.475419358910379,0.6845926893889849,0.010040187033739796,0.005440433454407589,81.9392535792687,82.89473684210526
Germany,imoRatedf,0.0104849866503697,-16.715248804512342,0.9785486881573704,0.1320995898525222,0.0022074239076816664,0.010540146738599043,88.34781787521881,88.23529411764706
Ireland,nitro,-0.08932165287230073,183.305762520513,-0.8700899117450638,0.024218724232304988,0.025299696111631177,-0.08544864181185119,25.64038694836841,22.578919208132696
Ireland,phospho,-0.04027399406606842,81.09541736171458,-0.9341380883774146,0.00636383948687486,0.007693864445752219,-0.03947377539148744,0.9034363361233056,0.865800865800866
Ireland,eutro,-0.08144361223763888,168.71404884483042,-0.49999999999999994,0.11730680301423822,0.04702149144917631,-0.07821531423572015,44.28889921569613,16.666666666666668
Ireland,wasteG,-0.03472558737608716,73.18318939701629,-0.6212441181609037,0.2633374194709217,0.025288937486424773,-0.03412957306701947,23.305991900855876,20.0
Ireland,wasteR,0.030203732383135645,-56.43709757798056,0.7895389720895979,0.011383188460064158,0.00887348962140497,0.03066449229836299,94.79747875154492,100.0
Ireland,mspVal,0.14592572222314645,-290.6025658714372,0.9176629354822471,0.2601469382930059,0.06318769125541811,0.15711023728272,107.5690586220184,100.0
Ireland,ohiBio,-0.0012471404653628503,6.569784778212263,-0.37359294023559014,0.2577334091679762,0.0010321737313318945,-0.001246363108883819,58.83169186397407,57.61
Ireland,co2,0.013583774124449948,-23.62982408897778,0.6211983850117822,0.055245762000206665,0.006058556077854389,0.013676452750566837,47.079903994643786,46.737264931130525
Ireland,phCopernicus,-0.0048989385218281,14.222746002869105,-0.9953586529792297,0.06135998717772927,0.000473647116592242,-0.0048869582939584655,75.44157772193323,75.42095026671478
Ireland,fmsyF,0.022683318076746426,-41.45641566841974,0.6962165439988856,0.5097306723652184,0.023387561918103216,0.022942540836447867,89.14554523828923,86.77033004182489
Ireland,bBmsy,-0.0016750907762799543,7.867719575845159,-0.21964734888553944,0.8590186561189261,0.007440034931759202,-0.001673688594761913,90.60043942754999,89.825423785472
Ireland,kbaMPA,0.01180748175153055,-19.449858446355748,0.8878528858859619,0.00026316310390423224,0.0020397321578389843,0.011877465235854645,85.43584749389306,83.16451
Ireland,natura2kEEZ,0.043591094923123325,-85.94334306596647,0.8509114862596066,0.14908851374039342,0.01902888369621534,0.044555143648658424,7.93524976860819,8.005513938227345
Ireland,fseRiskkRatio,0.8328215521815509,-1677.147625818251,0.8562333677264787,0.06400686181286655,0.29009785469243593,1.2997985960855027,12.054225342700821,21.919322307474673
Ireland,tacCatch,0.0026173959218537797,-0.7139670449125948,0.6941487523661385,0.5115619718552855,0.002714237037006717,0.002620824293042112,98.2789537487807,97.97141681858899
Ireland,compositeIUU,0.09336424579713887,-184.4271351448147,1.0,0.0,0.0,0.09786155390438256,70.95214326136956,70.9521432613696
Ireland,fteCoastalPop,0.1000157122554204,-199.57091515509327,0.8524473164662123,0.003506297801760668,0.023184522359301928,0.10518828293981586,12.617004838589171,8.990205788533121
Ireland,gvaHoursW,-0.016829665296071654,37.04400571173659,-0.6333134107073718,0.0670970527743029,0.007773024773593665,-0.01668883761341733,20.258985289683395,22.363955780321955
Ireland,economies,-0.1556545054728354,317.86253548999065,-0.6959150332966948,0.03733708813794658,0.060709405174810674,-0.1441451675426224,25.319003037349265,28.923978717969305
Ireland,gvaNights,0.06630513507638391,-129.39812035953577,0.8211625399104423,0.023532668495244234,0.020608037384956784,0.06855272034190363,93.94215834595272,100.0
Ireland,oResearch,,,0.0,,,,100.0,100.0
Ireland,sadTac,-0.025709588845911735,56.30890428963667,-0.9983995748755509,0.03602224199095752,0.001456295771682053,-0.02538191152238367,75.8805504864422,75.7530580768692
Ireland,ohiArt,0.004351381431949304,-4.492020245914065,0.7356333923700049,0.00987033494578966,0.0013356010822537317,0.004360862438970381,73.00876216181064,73.52
Ireland,threatenedFish,0.005201160879607146,-5.981544621103429,0.6339209714690976,0.562888879953846,0.00634553314011014,0.005214710397744238,91.21515950073822,91.8859649122807
Ireland,imoRatedf,0.0030888358963301736,-2.0090926765049772,0.8322397195638239,0.37411662787016764,0.002057700272571697,0.0030936112654387227,68.54596903156117,68.62745098039215
Latvia,nitro,0.008822734138901556,-13.780964349734404,0.2179431594389523,0.638732395737525,0.017668822904103487,0.008861769171864431,61.79736295038078,53.28282828282829
Latvia,phospho,-0.048246293941359465,99.6730093136618,-0.17674660755119173,0.7046103492964547,0.12015341297394067,-0.04710093509304669,14.973088801386856,5.405405405405406
Latvia,eutro,0.12036416392242322,-240.48661880253127,0.39410889598484256,0.23039217022494296,0.09356326055067021,0.12790752002614436,37.02477369360761,100.0
Latvia,wasteG,-0.23515095444578962,477.49799255722365,-0.9645048823645729,0.007984742051329905,0.03716999941191477,-0.20954848154871508,11.084068635693507,13.559322033898304
Latvia,wasteR,0.03708384591635911,-71.01814680229178,0.8795847150711253,0.0017699173228701898,0.007581058278174205,0.037780030808053144,52.170247964754836,47.99599198396793
Latvia,mspVal,0.07296286111157325,-142.9986978427246,0.9176629354822471,0.2601469382930059,0.03159384562770906,0.07569058622018265,103.71550444461937,100.0
Latvia,ohiBio,-0.011150035142982769,26.509775045799383,-0.7008612156427726,0.01628181770931133,0.0037826290641710314,-0.0110881038933901,56.576560623562266,54.94
Latvia,co2,-0.0065354448651093544,17.703534287627907,-0.41890196746957603,0.22822884075766048,0.005008626644557934,-0.006514135293099521,88.597818754231,91.68140315933495
Latvia,phCopernicus,0.001282883397196838,1.5141998424286651,0.09615133377579464,0.9386934471661559,0.013280517262875982,0.0012837066441078182,58.47326475730152,58.923332356207546
Latvia,fmsyF,-0.014826128010742784,34.3790282524687,-0.9990996362413334,0.027016974581691753,0.0006295716562165125,-0.014716762132804151,81.32199446214767,81.38113434032739
Latvia,bBmsy,-0.0004873174194636586,5.569341436316199,-0.19831596446390348,0.8729055725636765,0.0024084717111717674,-0.0004871986996155542,97.09039224768794,97.3607826138139
Latvia,kbaMPA,5.6721554281774e-08,4.565936386872026,0.5000000000000001,0.11730680301423797,3.274820463343618e-08,5.672155589664385e-08,96.163534545436,96.1636
Latvia,natura2kEEZ,0.10128948782449329,-200.5907044320792,0.8513536815365698,0.14864631846343018,0.044132764691808844,0.10659694174097045,50.55087254950448,51.58772146392504
Latvia,fseRiskkRatio,0.5476045670750384,-1101.2768141280367,0.6679107982834057,0.1471129206272182,0.30509310180257115,0.7291060953414386,59.84451328996255,100.0
Latvia,tacCatch,-0.002841268236502168,10.318497746159666,-0.9613104095199747,0.17766523282863345,0.0008141769898262645,-0.002837235654026604,96.60523962064045,96.6961038687861
Latvia,compositeIUU,-0.120539724404511,247.87278863271965,-1.0,0.0,0.0,-0.11355812672959542,70.95214326136959,70.9521432613696
Latvia,fteCoastalPop,-0.01153493194705244,26.61631804344051,-0.20195023823619088,0.6023173960102888,0.021143645899148494,-0.011468659679656934,21.175004592050293,22.00859257620852
Latvia,gvaHoursW,0.060411898187711546,-119.54762259931147,0.912048500579098,0.0006090539407954446,0.010266599113194733,0.06227400518255255,12.609835089581203,13.547465307686188
Latvia,economies,-0.07460431240093926,154.02515864049468,-0.1735782979571794,0.6551476612010574,0.15998393628139845,-0.07188934444143258,53.63010615412298,19.6105789472288
Latvia,gvaNights,-0.03831659395102974,81.28099102197714,-0.3736415163668873,0.3219093922634393,0.03595265248592209,-0.037591799960364214,28.563235635138366,47.79577451384383
Latvia,sadTac,0.0009368217265672247,2.592879391643268,0.07904382964464611,0.9496265871059658,0.01181484434972473,0.0009372606811042239,92.57885280699581,91.3244122655923
Latvia,ohiArt,0.007017748921572385,-9.658304700656355,0.6889174167096429,0.01904804813660525,0.002461225820260132,0.00704243102535651,93.75385386296246,99.01
Latvia,threatenedFish,0.012760960408604948,-21.29893671314486,0.8380871130063068,0.36734809626893444,0.008306497753000098,0.012842728908558199,87.7902705546171,88.63636363636364
Latvia,imoRatedf,0.0027652928041544287,-1.1808029202822858,0.896258159530272,0.29255003879649855,0.0013684650384571653,0.0027691197530324008,82.4180325999584,82.3529411764706
Lithuania,nitro,-0.0619970365940314,128.7323951893341,-0.6232430063611809,0.2613450843202935,0.04491333676564127,-0.06011432795022764,33.20920808826092,32.33716475095786
Lithuania,phospho,0.42166212477658654,-846.7450051959502,0.9139001448833978,0.029932818865302392,0.10813494590074135,0.5244933491247241,35.86618297559878,50.000000000000014
Lithuania,eutro,0.05193506363549063,-102.72352404284827,0.14116219565803914,0.6788720042387215,0.12140882975217547,0.0533073423430368,84.04678783246615,100.0
Lithuania,wasteG,-0.1051687153945732,215.34756721509396,-0.9661363737121571,0.007442445501193559,0.016216646844484636,-0.09982736320771035,20.288387143373654,20.0
Lithuania,wasteR,0.0797528001696933,-156.6941756195864,0.8433309550640576,0.00428455020461029,0.019208441740777495,0.0830193123915497,73.7749065878965,63.52705410821643
Lithuania,mspVal,0.06762779389962373,-132.10449059592366,0.9774530617145342,0.13544354242626835,0.014609191736748057,0.0699669861149328,98.32722473709103,100.0
Lithuania,ohiBio,-0.01076157712285777,25.686219451741024,-0.6403111397893635,0.0338152549723309,0.004303187018754871,-0.010703878513266929,55.108575825953444,53.19
Lithuania,co2,-0.012075673182478494,28.684213558883556,-0.8127897074133454,0.004258365793472035,0.0030600374120185684,-0.012003054840107996,68.47348133357941,72.16433588406807
Lithuania,phCopernicus,0.0015375946052379958,0.9685940946065363,0.16062376734313813,0.8972988472060389,0.009448352825249424,0.001538777309918693,57.32849222001413,57.642074182341496
Lithuania,fmsyF,-0.009413667799265675,23.436725457323508,-0.8166205729199013,0.39168981052485924,0.0066534358115390956,-0.00936949793734354,83.54098459823811,82.901621282397
Lithuania,bBmsy,0.0033864901944026197,-2.2660906868053203,0.4774297779690852,0.6831369902262434,0.0062325543245171,0.0033922308306946203,95.56458338894322,96.2548169942187
Lithuania,kbaMPA,0.015766136670389726,-27.410807738854526,0.6987829128578825,0.016740986902966,0.00537985412262907,0.015891077953331223,76.72214016621506,83.51997
Lithuania,natura2kEEZ,0.09126626516836378,-179.9598366692099,0.8512565307587486,0.14874346924125134,0.03978204268232838,0.09556067607372043,74.879438406905,76.25878220140515
Lithuania,fseRiskkRatio,-0.07813741638175371,158.38429361769312,-0.18917363035915008,0.6536709571866391,0.16558057673824825,-0.07516266998843446,0.86700991284811,1.4519918968263472
Lithuania,tacCatch,-0.0031868876316378456,11.002774430497281,-0.9344448373367994,0.2317929012712036,0.001214492134095151,-0.0031818148954271264,95.07637492259718,95.2098011622882
Lithuania,compositeIUU,0.027535475791851116,-51.65749786537347,1.0,0.0,0.0,0.027918080668296374,54.14679097714069,54.14679097714067
Lithuania,fteCoastalPop,0.028128153956681275,-52.31125407631441,0.9339661178681449,0.00022829930182397828,0.004067887510387255,0.02852748584267406,92.32993519439344,91.06271851099
Lithuania,gvaHoursW,0.08830660864438981,-175.31680703647635,0.9456823774625106,0.00011659210102366687,0.011473746205303335,0.09232298635950831,19.6095568206698,19.14413201933427
Lithuania,economies,0.04811403808675826,-92.80105591854347,0.34833457063797224,0.35827085911685147,0.048937004869932715,0.049290307561012936,54.596978601006306,42.14057934920135
Lithuania,gvaNights,0.0414909481686966,-79.8716508775374,0.7779708221709226,0.013561481047792265,0.012665092637073251,0.04236372650816089,47.12931553160486,48.22226144143938
Lithuania,sadTac,-0.00642906687741726,17.46130794069326,-0.4959230041985777,0.6696596365445493,0.011257365032471009,-0.00640844464453183,90.08299129617178,88.91959064767579
Lithuania,ohiArt,0.005823905519888115,-7.23883548331028,0.7504389420698022,0.007795942484126466,0.0017097774931462363,0.00584089742804772,94.02979289373621,97.63
Lithuania,threatenedFish,0.012492414605286906,-20.759524087305106,0.8407064161869985,0.3642801025472468,0.008046248333004708,0.012570770762532435,87.55482974202563,88.37209302325581
Lithuania,imoRatedf,0.010408229476417835,-16.858635199043942,0.9648760901065782,0.16922946848603798,0.0028338334696902984,0.01046258350957574,64.60010267694466,64.70588235294117
Netherlands,nitro,-0.025932178368278214,54.304714432167536,-0.7478989044438192,0.0532191736726401,0.010293347211523156,-0.025598827154718506,7.082214286235799,7.17687074829932
Netherlands,phospho,-0.07996831016038033,162.92072473283537,-0.30073478804527987,0.5122272233340133,0.11341345662826874,-0.07685439974087416,3.868131611693227,2.8985507246376816
Netherlands,eutro,-0.21435079031449428,435.7644656994223,-0.36891404780269277,0.26421588826639436,0.18001595055479155,-0.19293477530335346,11.724284427625648,5.555555555555556
Netherlands,wasteG,-0.006963090645322279,17.203375723072007,-0.3450395966370291,0.5695616100708406,0.010935724013396745,-0.0069389044989899284,22.254549906554068,21.62162162162162
Netherlands,wasteR,-0.004598237932085677,13.840008006931221,-0.9013461703160622,0.0009005928988285169,0.0008350997881845284,-0.004587682221466438,94.74636373748434,95.09018036072146
Netherlands,mspVal,0.0,4.605170185988092,0.0,1.0,0.0,0.0,100.0,100.0
Netherlands,ohiBio,0.001826870711780499,0.31466239638896676,0.34478058014317514,0.29909590248967965,0.001657917277107926,0.0018285404567270902,55.504794743022295,55.96
Netherlands,co2,0.02451072878334727,-45.81343092244013,0.834356448495162,0.002683071980060366,0.005725174605107176,0.024813586051153358,42.96495675735501,42.925951725521365
Netherlands,phCopernicus,-0.00419104459491883,12.770147268504669,-0.9795824091287987,0.12886621960050348,0.0008601423791690557,-0.004182274423857768,73.88642813614632,73.8497449914382
Netherlands,fmsyF,0.008958249151383501,-13.574124413141512,0.9949761940190057,0.06384009658725517,0.0009013547160200454,0.008998494351054154,93.93262362149665,93.83490989633671
Netherlands,bBmsy,0.004827433951890501,-5.202107681802853,0.6592779394187213,0.5417241380721471,0.0055056359763215575,0.004839104783669557,97.32304942227694,96.7062942253112
Netherlands,kbaMPA,0.0044665757427958756,-4.4507869957396435,0.8366600265340753,0.0013229505842675036,0.0009746867351721773,0.0044765657604144415,97.57576529611201,96.6463
Netherlands,natura2kEEZ,0.03426641262173538,-64.79624588846193,0.9363028074966796,0.0636971925033204,0.009088330245915073,0.03486026984403967,83.22605757346736,85.27131782945737
Netherlands,fseRiskkRatio,-0.34646810487477486,700.0763577458453,-0.5495343986849285,0.15827061894658642,0.21504244035466893,-0.29281862543393367,0.8550679359395293,1.5753284295473495
Netherlands,tacCatch,0.004332272584998599,-4.182371097596513,0.9935778490812494,0.07218850933811578,0.0004933677153754427,0.0043416704443357546,97.10326436982552,97.1585990798374
Netherlands,compositeIUU,0.05067477974129431,-98.47710209878187,1.0,0.0,0.0,0.05198071220473377,51.245497391016606,51.24549739101663
Netherlands,fteCoastalPop,-0.028703891546848086,60.59341616096945,-0.36637128592015683,0.3321593531204739,0.027553204780848054,-0.028295848315529226,16.644810102840925,15.31865817021702
Netherlands,gvaHoursW,-0.09733392546413396,200.54135289490196,-0.9394962753275208,0.00016902351931402716,0.013413919218523385,-0.09274699933386676,45.90154525908166,46.389874967900624
Netherlands,economies,-0.04492880601978037,94.67319773377811,-0.2704156854602286,0.48158820572143857,0.06045812107289551,-0.043934454478254725,58.76271231553619,40.346287887404735
Netherlands,gvaNights,0.0072613500686965335,-10.988798010869235,0.14946164959642833,0.7011305098426996,0.018156526867681225,0.007287777598897094,42.03823709572512,31.666511198394236
Netherlands,oResearch,-0.02253969479616489,46.662849920690356,-0.4364522618454583,0.46247657284088955,0.026826351422387644,-0.022287573672424177,3.4890595115007437,3.598533229327878
Netherlands,sadTac,-0.006267318819600767,17.151364903698916,-0.7645819160896254,0.4458909805610966,0.005283218695681473,-0.00624772014210262,89.76075534332753,89.2148335720111
Netherlands,ohiArt,0.014596386190922479,-25.388205949027874,0.6829394905594293,0.02055167158820138,0.005204118674717485,0.014703433636985785,63.65506189070336,60.35
Netherlands,threatenedFish,0.0059749328619579795,-7.574171253320073,0.6089927866438022,0.5831476615496447,0.007781983655683499,0.0059928183771511545,88.25103390730868,89.04761904761905
Netherlands,imoRatedf,0.010018649885297142,-15.729080715016412,0.978460285012641,0.13237249117115127,0.002113730635114624,0.010069004579586593,92.26939621796332,92.15686274509804
Poland,nitro,-0.021645559705551088,46.97653408454846,-0.32826498346650107,0.47225395795993985,0.027854836620913863,-0.02141297573743206,25.68282763139603,22.761596548004317
Poland,phospho,-0.0015107992746674942,5.5792438529875055,-0.0035350254764967056,0.9939987918591655,0.1911289631669821,-0.00150965859196317,6.6065077716648455,5.000000000000001
Poland,eutro,0.10821150214335695,-215.80096874637397,0.3733329394782023,0.25809123331564454,0.0896318196695917,0.11428339379161168,73.77285505793509,100.0
Poland,wasteG,-0.1145334609411181,233.9312501483405,-0.9694988467131188,0.006365188192750062,0.016717081355783727,-0.1082179019493884,12.800294971017388,13.559322033898304
Poland,wasteR,0.11240708009406905,-222.9106867672544,0.8123931039454342,0.014272127433210142,0.03293839344509481,0.1189682776548846,57.66272633799667,45.09018036072144
Poland,mspVal,0.1368053645841998,-271.9787955727082,0.9933992677987828,0.07318639504032738,0.015796922813854555,0.1466049568680643,98.19246396452725,100.0
Poland,ohiBio,-0.004805287059397021,13.450797238438655,-0.7079107876614616,0.014791567608680169,0.0015981218935910636,-0.004793760138314784,42.91734530657757,42.59
Poland,co2,-0.0012605635838944538,6.291722230380641,-0.10473788790643673,0.7733827580267514,0.0042317565824313355,-0.00125976940735828,41.627494135310805,41.185794749932214
Poland,phCopernicus,0.0008507013867955527,2.2653010217748784,0.0638632849715885,0.9593156827390281,0.013293472356554377,0.0008510633358498332,51.73805453564933,52.13667131186474
Poland,fmsyF,-0.018579307463802264,41.902356133600186,-0.910680024885586,0.2711167142378672,0.008428144819694602,-0.018407776085004324,74.12853098337483,74.8534704411727
Poland,bBmsy,-0.00498879976077041,14.621238688970994,-0.7876780328183689,0.42256615057152874,0.003902019678651588,-0.0049763763671042405,91.86945298364603,92.2843198146738
Poland,kbaMPA,0.00010065963317358721,4.266095564287521,0.8660254037844387,0.0005669643108945595,1.937195543643318e-05,0.00010066469952452195,87.33900088523374,87.31556
Poland,natura2kEEZ,0.00011107684144616376,4.16398671747047,0.6714989084830577,0.3285010915169423,8.667316784092805e-05,0.00011108301070694715,80.53986153233633,80.55944677917861
Poland,fseRiskkRatio,-0.09871189750069935,198.18159256616966,-0.6048319337611026,0.11216268349661436,0.053059708761789046,-0.0939963076452327,0.2213366393517726,0.35600678435154853
Poland,tacCatch,-0.0051186187959812775,14.905485682243786,-0.9750929693948246,0.1423841536595986,0.001164290920588751,-0.005105540989741475,94.78443942587995,94.911954019751
Poland,compositeIUU,-0.012221110742313801,28.960870421419116,-1.0,0.0,0.0,-0.012146736256346324,70.95214326136959,70.9521432613696
Poland,fteCoastalPop,0.004002802860713676,-4.503918903226086,0.27029429031439595,0.48179276689618566,0.0053889524920871954,0.004010824775894983,37.563752584390365,35.33634198433479
Poland,gvaHoursW,0.03095938874446246,-59.2854362231539,0.8396688796689165,0.004627939279063911,0.007568573705436065,0.03144361481573066,24.6439424459848,27.25012952554134
Poland,economies,0.06111927188239429,-119.06394101248053,0.6684428092470736,0.04903927073208513,0.025703945041644364,0.06302569570206984,102.57058319953565,80.94413487536951
Poland,gvaNights,-0.06467653516849457,134.14335141399366,-0.7864452594386973,0.01194077597984686,0.019199003677126715,-0.0626293792257111,35.797754743923164,27.72591639523711
Poland,oResearch,-0.12238312868679918,246.59757427626437,-0.8764017742462603,0.0511837549787117,0.03882636311484259,-0.11519069227331735,0.753347782861608,0.8235807907207481
Poland,sadTac,-0.007246309484653418,19.082921722816295,-0.45115012819511585,0.7020277893933944,0.014334374584032257,-0.007220118285441779,88.28230357368741,86.83308954221461
Poland,ohiArt,-0.010167268352443156,24.84883750468025,-0.4704169221728152,0.14422893586208527,0.0063575149668604536,-0.010115756405977505,79.33001700004226,77.61
Poland,threatenedFish,0.010421544681969378,-16.59380352207659,0.753095139806416,0.4571199499621052,0.009104368182324305,0.010476038116152608,85.37227235068623,86.27450980392157
Poland,imoRatedf,0.007713261409886026,-11.126174264097713,0.9656559393065826,0.16732922375416068,0.002075368435631117,0.007743085241030512,86.17119634134563,86.27450980392157
Portugal,nitro,-0.015853456320675918,35.408111079195905,-0.5655510502111709,0.18575784193700606,0.01033880008733604,-0.015728451738702742,29.13508331927712,30.915750915750916
Portugal,phospho,-0.06747520619754761,137.4506006858459,-0.7653375203868189,0.04494314185394779,0.025377095664551232,-0.06524910364221459,3.102679253892076,3.508771929824562
Portugal,eutro,-0.13004072698313568,263.71079835561176,-0.3729807022312101,0.2585764480422957,0.10783120090379883,-0.12194033052901232,0.5238861954919338,0.5235602094240838
Portugal,wasteG,-0.11742250141862434,240.07434014096933,-0.9932078965131651,0.0006712701546851658,0.007941983553391097,-0.11079057845507667,18.39388683645408,18.6046511627907
Portugal,wasteR,0.045775431277411766,-88.34120949389526,0.89839198610909,0.0009955978514425289,0.008458132467966326,0.04683929719460056,56.938473307832766,57.014028056112224
Portugal,mspVal,0.1368053645841998,-271.9787955727082,0.9933992677987828,0.07318639504032738,0.015796922813854555,0.1466049568680643,98.19246396452725,100.0
Portugal,ohiBio,-0.001862464062972411,8.020996326088072,-0.58141066437651,0.06064353077786121,0.0008687604965212266,-0.0018607307530222883,72.0161566742625,70.86
Portugal,co2,0.015448103575983618,-26.85827939909549,0.440825741019323,0.2022465651820326,0.011120966889564115,0.015568042340960542,83.22307225206796,88.75168403395838
Portugal,phCopernicus,-0.004313326962275294,13.01644832224055,-0.9995818327115958,0.018411335172335643,0.0001247781795865049,-0.004304037927880255,73.61540625189858,73.62070974947376
Portugal,fmsyF,0.018718696498919923,-33.29903311238395,0.9988778616595264,0.030161917058157208,0.0008875228529540115,0.01889498957240221,94.94005360858382,94.8428066859574
Portugal,bBmsy,0.00017957966102693197,4.227307036167915,0.15624932342199083,0.9001193322438962,0.0011351985163131537,0.00017959578641946194,98.92377002432615,98.7941842781957
Portugal,kbaMPA,0.004056172414595391,-3.933090346499476,0.8452737280156583,0.0010504077388037165,0.0008546931271365353,0.004064409815597747,71.11258284263009,70.76779
Portugal,natura2kEEZ,0.30832708412549714,-620.5600862785193,0.8951000792839158,0.1048999207160842,0.10859972792571519,0.36114612542475055,8.145413258358817,8.18217121975167
Portugal,fseRiskkRatio,-0.11662171174012521,234.76420725819113,-0.5820121357890963,0.13012107575431522,0.06652095686931662,-0.11007822354311614,0.4998599724814787,0.47927870220985935
Portugal,tacCatch,0.002927520336970699,-1.323811364574592,0.9915291556232289,0.0829211887854749,0.00038348741629899014,0.002931809709352695,98.91949301144656,98.9633055610455
Portugal,compositeIUU,0.19682225662168462,-393.52651533163197,1.0,0.0,0.0,0.21752761400096654,70.19417292307199,70.19417292307199
Portugal,fteCoastalPop,0.04809504661118156,-93.97824388100403,0.6568218481068532,0.05461819841110149,0.020868991467841744,0.04927038017898999,23.20665480083458,17.85064790557662
Portugal,gvaHoursW,0.013826724882966414,-25.076575241752668,0.8031893977037818,0.009131588461868265,0.0038761203434282653,0.013922756132237923,16.655375841672132,17.06877779088706
Portugal,economies,-0.12137716046812502,248.82982529551967,-0.44819824267467734,0.2263061504096427,0.09150047562507027,-0.11430015437884744,23.473622657927603,9.280986818044063
Portugal,gvaNights,0.04258463799006323,-81.66867611729087,0.716366948004054,0.029918887195872865,0.01567660046873226,0.04350437274889685,75.46998104537415,67.52014534680299
Portugal,oResearch,0.0,4.605170185988092,0.0,1.0,0.0,0.0,100.0,100.0
Portugal,sadTac,-0.007047504877731099,18.76733802600411,-0.9713772401417,0.15268354879292925,0.0017234079190181514,-0.007022729451042431,92.13484619003454,91.9516783129565
Portugal,ohiArt,-0.015209413203926278,34.87581882756389,-0.707011512952018,0.014975978081640293,0.005071170599096596,-0.015094334245448038,66.8315868348096,66.08
Portugal,threatenedFish,0.002736415899158495,-0.9937207532940029,0.4894443273501826,0.674399273703125,0.004875425180202384,0.002740163302516807,92.05840628710793,92.578125
Portugal,imoRatedf,0.025373511716095355,-46.820413123110725,0.9994637054826586,0.020850487348573078,0.0008313272022250703,0.025698159264909926,86.23311082352248,86.27450980392157
Spain,nitro,-0.08039645901369975,165.58142263904168,-0.8328140127896567,0.039590210814958685,0.0267188669149692,-0.07724955887157114,28.007427877238793,28.532792427315755
Spain,phospho,-0.1624942314390574,328.78827106086135,-0.7668593331744264,0.07519572538286662,0.06799895670505013,-0.1499790063908405,1.972267151922963,2.4096385542168677
Spain,eutro,-0.21886272268879994,442.7710850947693,-0.4288262745321455,0.18816256661713202,0.15368906920483968,-0.19656799643120726,0.659238178957516,1.6666666666666667
Spain,wasteG,0.04060350943273703,-78.1533330299616,0.6760847647277253,0.21021504363161694,0.025548503836631428,0.041439102894385904,46.126423920155624,42.10526315789473
Spain,wasteR,0.014016021660324882,-24.15150035825044,0.5002693938929865,0.17020343647452044,0.009169051356161235,0.014114706609694494,59.631775161782464,55.61122244488978
Spain,mspVal,0.11564339880716944,-229.62910767336746,0.9176629354822472,0.2601469382930057,0.05007506057349185,0.12259548185977565,79.46445485537058,75.0
Spain,ohiBio,-0.0017853631164591298,7.811577055100229,-0.5,0.11730680301423815,0.0010307798758889075,-0.001783770303787624,68.60416727712594,67.15
Spain,co2,0.01985624282927853,-35.89268125811623,0.6139673046819015,0.0589901116865601,0.009025395627288735,0.020054689309845886,69.70227631349321,72.09504890681457
Spain,phCopernicus,-0.003986737352035989,12.35285530207955,-0.9823690619404705,0.11972173118900223,0.0007587049436810028,-0.003978800865078291,73.54145833170931,73.50925139581268
Spain,fmsyF,0.0003693435161497998,3.7641442376627974,0.08370574615258126,0.9466488406403111,0.004396918106926841,0.0003694117318644441,92.40565688137087,91.93769089615171
Spain,bBmsy,-0.002821600454730707,10.271287109312002,-0.8765909725066886,0.3196241160885065,0.0015490191941692822,-0.002817623481523479,96.67713772497373,96.50437040027569
Spain,kbaMPA,0.02627910520814783,-48.61110103589127,0.6827798587920598,0.02059294678852684,0.00937351863539246,0.026627445557050766,81.31052592114206,85.86279
Spain,natura2kEEZ,0.22552737441498039,-452.07663763796063,0.8518633711059639,0.1481366288940361,0.09805054702076935,0.25298333333266054,26.756948505845042,28.009086280966144
Spain,fseRiskkRatio,-0.14708868164516076,298.181370471602,-0.7770698639304444,0.02327333012073856,0.04863850361036486,-0.13678257751929623,3.648846779502459,4.131086836572761
Spain,tacCatch,0.017878503784656066,-31.541331851716816,0.9103758230098513,0.2715851194411891,0.008126105419439783,0.018039280955974846,97.59762371590013,98.5177134758453
Spain,compositeIUU,-0.05737742742664276,119.84521889449564,-1.0,0.0,0.0,-0.05576237907135995,48.688266426139236,48.68826642613923
Spain,fteCoastalPop,0.005561980135745677,-8.02789561787486,0.10335503011291611,0.7913121830691723,0.020230969413339978,0.005577476664401004,24.061386185962775,18.070642162040865
Spain,gvaHoursW,0.0021113899164314203,-1.0351674642751383,0.09204976154943269,0.813796810099845,0.008632746597705415,0.002113620469700761,25.93595106561501,26.326202495773277
Spain,economies,,,,,,,,0.0
Spain,gvaNights,0.013364433497597809,-22.898112833861568,0.24770481165345,0.5204746503624429,0.019756825246436432,0.013454136704357023,59.946495961269974,44.842960203624756
Spain,oResearch,0.10328412246015774,-203.67464019223857,0.9707253433941508,0.1544209583112668,0.02555619253087992,0.10880640112825701,102.99494766829393,100.0
Spain,sadTac,-0.002421872264159949,9.361703374385247,-0.3200050659997856,0.7926307638297936,0.007170261876051913,-0.0024189418976631183,89.07833685722505,88.3438570600708
Spain,ohiArt,-0.003925590954194986,12.184625689657857,-0.5826274053602359,0.05997747690251096,0.0018253417450691486,-0.003917895894537171,70.62251429879436,73.08
Spain,threatenedFish,0.002300588277678516,-0.11397569189277146,0.4530249120684242,0.7006897173995745,0.004527277561929294,0.002303236661447716,92.031495058633,92.51386321626616
Spain,imoRatedf,0.0025788523108919202,-0.7348007370623622,0.896258159530272,0.29255003879649855,0.0012762009221946318,0.002582180410790391,88.30033115830433,88.23529411764706
Sweden,nitro,-0.07914256339466941,163.13082744913447,-0.7230472585641531,0.06634264361157946,0.033815036111591895,-0.07609180043355612,28.04203524543863,23.212321232123216
Sweden,phospho,-0.323616952086896,656.2618393716343,-0.6123724356957946,0.14381080871160368,0.18684033440169562,-0.2764726650576862,14.345961491980114,4.8780487804878065
Sweden,eutro,-0.2713911529313377,548.3696645682212,-0.8029351462477252,0.002923455354395798,0.06715658491828337,-0.2376817449401991,0.9468150627247622,0.14992503748125938
Sweden,wasteG,-0.07209230243925657,148.63266063065376,-0.7779806401332191,0.12131102241315844,0.03361386223198073,-0.06955499049646241,24.965666731810693,24.242424242424242
Sweden,wasteR,-0.017833422642126735,39.96628475626385,-0.627402102332786,0.07049236819959932,0.008365797520032952,-0.017675348224656218,50.476116579547664,50.80160320641283
Sweden,mspVal,0.1368053645841998,-271.9787955727082,0.9933992677987828,0.07318639504032738,0.015796922813854555,0.1466049568680643,98.19246396452725,100.0
Sweden,ohiBio,-0.009336793741300533,22.898323230000557,-0.9235923011823465,4.935468008207014e-05,0.001291877342060382,-0.009293341223505558,55.54413912101616,56.12
Sweden,co2,0.03405162287075213,-64.26709833975951,0.9377561854480648,6.089043661829901e-05,0.004458620924827212,0.03463801633412,95.63336618720044,95.30793087910561
Sweden,phCopernicus,0.0005975397052802361,2.941116437276837,0.07822663942317276,0.9501484425220181,0.007615162938104451,0.0005977182676941695,61.97686063305974,62.24994900571903
Sweden,fmsyF,-0.01889712810556425,42.50676101492886,-0.9073362547333549,0.27622445876153107,0.008755805374553092,-0.01871969678551333,75.72429031653604,74.9625497258808
Sweden,bBmsy,-0.005724934226589626,16.0988464664147,-0.8658131283362059,0.33360351153608214,0.0033085326216984903,-0.00570857801826441,91.06452917708194,91.413094261281
Sweden,kbaMPA,0.007902587399246767,-11.863248483490388,0.9102962039487767,9.961575551222938e-05,0.0011979014441008467,0.007933895259742973,61.334174959426335,60.46026
Sweden,natura2kEEZ,0.08428331609667197,-166.42163684299692,0.8522428968102932,0.14775710318970678,0.03658359490724122,0.08793708023667413,42.754774139418544,43.485444413688924
Sweden,fseRiskkRatio,0.012879864351731612,-26.172019790400967,0.19012783513808607,0.652008209943395,0.027151573521926077,0.012963167062936432,0.7841373049939828,0.9894145517724969
Sweden,tacCatch,-0.001449784369796516,7.497647381457846,-0.4867655213290717,0.6763532282956011,0.002601733190583058,-0.0014487339401305643,95.31342937574063,95.6002026951746
Sweden,compositeIUU,0.0,4.262005611202928,0.0,1.0,0.0,0.0,70.9521432613696,70.9521432613696
Sweden,fteCoastalPop,0.026599012525892682,-51.21700023384552,0.6682498754122017,0.04912877959061159,0.011192154724555937,0.026955923727965958,12.979975946573427,10.685917955270064
Sweden,gvaHoursW,0.016243593092824023,-29.203096445802277,0.6763545855539597,0.04545803461110673,0.006686153076795376,0.016376237485044243,34.95154213985585,36.98596032778039
Sweden,economies,0.0267821065926331,-50.07861873716647,0.08956760660220156,0.8187498075693377,0.11256300723500957,0.0271439704790013,53.40971785705188,14.63650715719519
Sweden,gvaNights,0.044617211133150696,-85.72617348878715,0.8101229769591975,0.008112858225802736,0.012203733025029315,0.045627528715579846,88.60353574973156,74.42779276342254
Sweden,sadTac,-0.003196809601456706,10.934144033697166,-0.9983926493556877,0.03610011822894563,0.00018147262534976434,-0.0031917052463086293,87.31885159721186,87.3371508774915
Sweden,ohiArt,0.0020296169501118444,0.46483202006951885,0.7894213806173394,0.003858606349961114,0.0005260746681746249,0.0020316780167499715,96.7131202296623,97.37
Sweden,threatenedFish,0.007243309572417613,-10.192078004222257,0.592443900459644,0.5963263637012239,0.009849531736277816,0.007269605791408118,83.07752204321412,84.02777777777777
Sweden,imoRatedf,0.014577604250308124,-24.907460808214065,0.963663334412618,0.17214387467849496,0.004040795503610269,0.014684375716326858,93.89833080953235,94.11764705882354
United Kingdom,nitro,0.004680356487776928,-6.635318078114196,0.4225079181245906,0.40394968831744005,0.005020124042812985,0.004691326463992507,16.45683853826893,16.33759194734805
United Kingdom,phospho,0.01805599422457661,-35.12909523017759,0.26468137784755963,0.6122492232057348,0.03289246103904594,0.01821998923232937,3.6482688793161224,3.448275862068966
United Kingdom,wasteG,-0.030645279344406105,64.70601408088696,-0.8986412044767527,0.10135879552324731,0.010578264697473918,-0.030180472912920697,17.990109577330607,18.181818181818183
United Kingdom,wasteR,0.06515774176451344,-127.3778844408275,0.9023801555801981,0.0054225129938166305,0.01391583257397197,0.0673273732091868,56.43913130510847,56.312625250501
United Kingdom,mspVal,0.1368053645841998,-271.9787955727082,0.9933992677987828,0.07318639504032738,0.015796922813854555,0.1466049568680643,98.19246396452725,100.0
United Kingdom,ohiBio,0.011561019252378476,-19.15062895956885,0.8106948035411256,0.0024693554225718637,0.0027830523514892477,0.011628106117034909,65.77068524588992,66.56
United Kingdom,co2,0.05345513518773357,-103.69982655269204,0.9890971430693017,4.4087513020347354e-07,0.0030081508993282107,0.054909662381926294,72.4748539096416,74.533451232837
United Kingdom,phCopernicus,-0.004488012014145722,13.3840325440815,-0.9979633782584613,0.04063722503903582,0.00028687212862530347,-0.0044779559377814415,74.78283589439211,74.77045096045784
United Kingdom,fmsyF,-0.007915473668080736,20.51540526436076,-0.9935594272965481,0.0722920819357622,0.0009027342015698263,-0.007884228800045912,90.66671806270621,90.76127720664489
United Kingdom,bBmsy,0.0007386325091409101,3.080332989281552,0.4338015213570537,0.7143438076381772,0.0015341443143561675,0.0007389053653086286,97.43274592050814,97.2602988143324
United Kingdom,kbaMPA,0.001552860404876891,1.2597229518251534,0.9365545361037457,2.1791644144963045e-05,0.00019372837896764717,0.0015540667169260391,81.48936161823832,81.23336
United Kingdom,natura2kEEZ,0.08571129399054221,-168.87489789481748,0.9301928177756981,0.2392789809933717,0.03382326057833364,0.08949174008294203,61.412970961566224,60.22534022326176
United Kingdom,fseRiskkRatio,-0.09091436386393777,184.2904705287038,-0.34244446391109545,0.4063479774796958,0.10183125890750694,-0.08690409844389135,2.016348222511652,2.9259302999343144
United Kingdom,tacCatch,0.0029339610783890055,-1.3543040202468966,0.6232393034336619,0.5716325180442681,0.0036814896611549698,0.002938269354601619,98.58492254364559,98.1667257649506
United Kingdom,compositeIUU,-0.06097806094345404,126.97232583238299,-1.0,0.0,0.0,-0.059156119223311876,41.91587635006526,41.915876350065275
United Kingdom,fteCoastalPop,0.0010920812153688351,0.07891797013238344,0.04838415843061101,0.9094211892694777,0.009203800083646976,0.0010926777531954368,10.199325769032518,10.040614436779574
United Kingdom,gvaHoursW,-0.024896623235813136,54.43038913186974,-0.467974510891968,0.20394734248901614,0.017770297774266593,-0.024589258377253675,70.68955445586673,67.75518944945735
United Kingdom,economies,,,,,,,,0.0
United Kingdom,gvaNights,-0.1065744466256155,218.50052968522604,-0.9865235695290392,0.1046336790913164,0.017675834201161398,-0.10109187500648376,38.73139206226897,39.53003374200025
United Kingdom,oResearch,-0.002508679305845796,9.613419250570557,-0.06343670787996829,0.9192840804239285,0.022786009435805735,-0.002505535199650244,99.00154625645689,100.0
United Kingdom,sadTac,0.004235134437762047,-4.143547468452871,0.9869229717789622,0.10306805095115386,0.0006917178596951079,0.004244115293516426,82.88865355767581,82.9548854090847
United Kingdom,ohiArt,-0.004216121411849962,12.914360852957614,-0.6272703327556166,0.0388462223979077,0.0017448734743030403,-0.004207246049553026,77.99148230794741,79.79
United Kingdom,threatenedFish,0.0044133504788550024,-4.3939869214779,0.5556460003863681,0.6249419864879233,0.006603742951694445,0.0044231036528594725,90.64327156683292,91.33709981167608
United Kingdom,imoRatedf,0.0,4.362224007377702,0.0,1.0,0.0,0.0,78.43137254901961,78.43137254901961
