Country,Year,nitro,eutro,wasteG,wasteR,mspVal,ohiBio,co2,phCopernicus,fmsyF,bBmsy,kbaMPA,natura2kEEZ,fseRiskkRatio,tacCatch,compositeIUU,fteCoastalPop,gvaHoursW,economies,gvaNights,oResearch,sadTac,ohiArt,threatenedFish,imoRatedf,seaMining
Belgium,2012,6.568832983927324,100.0,13.559322033898304,92.88577154308618,50.0,75.28,37.73412089634272,98.41681707317073,84.2788529173951,91.9822548433205,96.4998,100.0,1.13903657551887,78.4801297710838,99.99999999999997,8.301720436508582,73.22675632992105,96.87393423162912,45.33424040934907,0.31060756602649864,98.29274619115141,79.51,77.77777777777777,78.43137254901961,0.0
Belgium,2013,6.81653372008702,100.0,10.005467468562056,91.48296593186373,62.5,72.92,37.91420315001804,98.40572865853659,85.52255752922485,92.65239212972892,96.4998,100.0,1.3774462646782584,82.7368485623651,99.99999999999997,7.533416847418685,86.98893667396143,42.160717049496554,48.32828189906743,0.31060756602649864,97.98732264798335,79.39,80.27989821882952,77.94117647058823,0.0
Belgium,2014,7.137433561123767,100.0,6.451612903225806,98.49699398797596,75.0,72.42,40.132036105289814,98.39464024390244,86.7662621410546,93.32252941613736,96.84682,100.0,1.6943041784185537,86.9935673536464,99.99999999999997,7.298916489624313,76.24344584710099,11.754541407173516,46.80237363919247,0.29559252393437435,97.6818991048153,79.06,82.78201865988126,77.45098039215686,0.0
Belgium,2015,7.121212121212121,100.0,9.575012800819252,98.49699398797596,87.5,72.38,38.630784328563045,98.3835518292683,88.00996675288435,93.99266670254579,96.84682,100.0,3.3572864275887264,91.2502861449277,99.99999999999997,7.564067790517337,96.56341690120725,92.00311437908417,39.36858231291966,0.24836792894435233,97.37647556164725,78.83,85.28413910093299,76.9607843137255,0.0
Belgium,2016,7.121212121212121,100.0,12.698412698412698,99.6993987975952,100.0,72.45,39.45925936145257,98.37246341463415,89.25367136471411,94.66280398895421,96.84682,100.0,2.2721714227772405,95.507004936209,99.99999999999997,7.46930338812029,70.1538972681424,21.65887154620977,38.05884960844722,0.23315324086319142,97.0710520184792,78.43,87.78625954198473,76.47058823529412,0.0
Belgium,2017,7.121212121212121,100.0,12.503052503052503,99.19839679358718,100.0,72.06,39.656642367500524,98.36580731707318,90.57519580228151,94.19756769877716,96.84682,100.0,3.4119223663828344,95.79848617563147,99.99999999999997,7.564985416789321,92.79982559997666,97.4175920604982,43.69156456400176,0.2211828001038746,96.99516327662471,78.04,87.31643632856026,79.2156862745098,0.0
Belgium,2018,7.121212121212121,100.0,12.307692307692308,98.89779559118237,100.0,71.91,39.34410612006669,98.3591512195122,91.8967202398489,93.7323314086001,96.84682,100.0,2.298623306751937,96.08996741505393,99.99999999999997,9.121286275573324,64.55323203981132,28.478748142687127,54.83008994037996,0.2211828001038746,96.91927453477022,77.65,86.8466131151358,81.9607843137255,0.0
Belgium,2019,7.121212121212121,100.0,10.805008944543829,99.5991983967936,100.0,72.07,39.71680264733454,98.35249512195122,93.2182446774163,93.26709511842304,96.85317,100.0,2.298623306751937,96.3814486544764,99.99999999999997,9.054363581027511,61.31656740057109,86.0498945536843,55.022176851639045,0.2211828001038746,96.84338579291574,77.59,86.37678990171132,84.70588235294119,0.0
Belgium,2020,7.121212121212121,100.0,9.30232558139535,99.5991983967936,100.0,72.04,44.14051269919796,98.34583902439024,94.5397691149837,92.801858828246,96.85317,100.0,2.298623306751937,96.67292989389887,82.01553885258124,7.612006301514921,79.08410261862667,21.297335190497357,41.541087996819215,0.2211828001038746,96.76749705106127,77.51,85.90696668828684,87.45098039215686,0.0
Belgium,2021,7.121212121212121,100.0,9.30232558139535,99.5991983967936,100.0,71.94,41.83368133597215,98.33918292682927,95.8612935525511,92.33662253806895,96.85317,100.0,2.298623306751937,96.96441113332133,64.03107770516252,7.612006301514921,79.08410261862667,21.297335190497357,41.541087996819215,0.2211828001038746,96.69160830920679,76.33,85.43714347486238,90.19607843137256,0.0
Belgium,2022,7.121212121212121,100.0,9.30232558139535,99.5991983967936,100.0,71.84,41.83368133597215,98.33918292682927,97.1828179901185,91.87138624789189,96.85317,100.0,2.298623306751937,97.2558923727438,64.03107770516252,7.612006301514921,79.08410261862667,21.297335190497357,41.541087996819215,0.2211828001038746,96.6157195673523,78.66,84.9673202614379,90.19607843137256,0.0
Belgium,2023,7.121212121212121,100.0,9.30232558139535,99.5991983967936,100.0,71.84,41.83368133597215,98.33918292682927,97.1828179901185,91.87138624789189,96.85317,100.0,2.298623306751937,97.2558923727438,64.03107770516252,7.612006301514921,79.08410261862667,21.297335190497357,41.541087996819215,0.2211828001038746,96.6157195673523,78.66,84.9673202614379,90.19607843137256,0.0
Denmark,2012,11.270983213429256,100.0,42.10526315789473,99.5991983967936,25.0,74.24,47.37624021572946,98.36301219512194,95.4194992482581,96.0311509702546,86.6634,60.47361956180192,0.6989857696202851,94.3851261199102,51.24549739101663,15.210298568298047,35.856110792344175,4.504191753499883,81.88920488390775,44.913898161150414,84.6600927184033,70.5,83.51648351648352,80.3921568627451,100.0
Denmark,2013,10.792192881745121,5.88235294117647,43.274853801169584,98.09619238476954,25.0,73.92,45.58529099136296,98.35808841463414,93.02704422289838,95.97749953248069,86.6634,60.47361956180192,0.7873791250244037,94.83802921281655,51.24549739101663,17.165620441102412,37.11375552981191,59.459710715057945,100.0,44.913898161150414,82.91870534550597,72.49,85.1233961569157,81.86274509803921,100.0
Denmark,2014,11.779448621553886,100.0,44.44444444444444,98.39679358717436,25.0,73.45,50.31625850303103,98.35316463414634,90.63458919753865,95.9238480947068,86.69737,60.47361956180192,0.8006952341672684,95.29093230572289,51.24549739101663,17.899826131346444,36.340443035091944,64.58297050834494,100.0,45.15961835601395,81.17731797260865,73.07,86.7303087973479,83.33333333333334,100.0
Denmark,2015,11.75,1.4084507042253522,42.22222222222222,98.09619238476954,25.0,73.71,53.97220230076984,98.34824085365854,88.24213417217892,95.8701966569329,86.69737,60.47361956180192,0.7700584265594214,95.74383539862924,51.24549739101663,18.527219062760878,36.57428726137466,67.7432976767486,100.0,44.32588892385623,79.43593059971133,75.71,88.3372214377801,84.80392156862746,100.0
Denmark,2016,11.75,50.0,40.0,98.29659318637273,25.0,73.46,51.71847776670202,98.34331707317074,85.8496791468192,95.816545219159,86.74673,60.47361956180192,0.7155400175596519,96.1967384915356,51.24549739101663,16.64839354378984,31.941735322882288,22.266304050100366,93.26723653817342,45.76215725612566,77.69454322681399,76.03,89.94413407821229,86.27450980392157,100.0
Denmark,2017,11.75,100.0,42.22222222222222,98.49699398797596,35.714285714285715,73.22,55.08550467527012,98.32241951219513,86.29630681814605,95.80222662971819,86.74673,60.47361956180192,0.7277720171404091,96.20707605455117,51.24549739101663,18.351139468927297,35.61743075088345,73.77633231096597,85.37864325428308,45.76150394509231,78.75152385964557,76.55,89.30988070874126,87.45098039215686,100.0
Denmark,2018,11.75,50.0,44.44444444444444,98.09619238476954,46.42857142857143,72.71,55.30095402486938,98.30152195121951,86.7429344894729,95.7879080402774,86.74673,60.47361956180192,0.6820284969094068,96.21741361756673,51.24549739101663,17.86851855624464,33.957306717593426,15.114285542408082,89.07192673012281,45.76150394509231,79.80850449247716,77.24,88.67562733927024,88.62745098039215,100.0
Denmark,2019,11.75,100.0,38.888888888888886,98.29659318637273,57.14285714285714,72.45,61.37366028703565,98.2806243902439,87.18956216079974,95.7735894508366,86.74673,60.47361956180192,0.7720496877478951,96.2277511805823,51.24549739101663,17.572334595731053,33.03152694694356,86.99736930624252,87.44230345958309,45.76150394509231,80.86548512530874,77.79,88.04137396979921,89.80392156862746,100.0
Denmark,2020,11.75,33.333333333333336,33.33333333333333,73.24649298597194,67.85714285714286,72.52,71.56922626312591,98.25972682926829,87.63618983212659,95.75927086139579,86.74673,60.47361956180192,0.7720496877478951,96.23808874359787,58.50708239690222,16.145873240556792,34.658992619851404,61.90596504629444,100.0,45.76150394509231,81.92246575814033,78.41,87.40712060032818,90.98039215686275,100.0
Denmark,2021,11.75,1.3513513513513513,33.33333333333333,73.24649298597194,78.57142857142857,72.68,68.10370519977805,98.23882926829268,88.08281750345344,95.744952271955,86.74673,60.47361956180192,0.7720496877478951,96.24842630661344,65.76866740278781,16.145873240556792,34.658992619851404,61.90596504629444,100.0,45.76150394509231,82.97944639097192,76.4,86.77286723085716,92.15686274509804,100.0
Denmark,2022,11.75,0.4098360655737705,33.33333333333333,73.24649298597194,89.28571428571428,72.39,68.10370519977805,98.23882926829268,88.52944517478029,95.7306336825142,86.74673,60.47361956180192,0.7720496877478951,96.258763869629,65.76866740278781,16.145873240556792,34.658992619851404,61.90596504629444,100.0,45.76150394509231,84.0364270238035,74.63,86.13861386138613,92.15686274509804,100.0
Denmark,2023,11.75,0.4098360655737705,33.33333333333333,73.24649298597194,100.0,72.39,68.10370519977805,98.23882926829268,88.52944517478029,95.7306336825142,86.74673,60.47361956180192,0.7720496877478951,96.258763869629,65.76866740278781,16.145873240556792,34.658992619851404,61.90596504629444,100.0,45.76150394509231,84.0364270238035,74.63,86.13861386138613,92.15686274509804,100.0
Estonia,2012,33.57142857142858,3.7037037037037033,47.05882352941176,44.08817635270541,25.0,82.49,26.78374431729417,97.61347560975611,95.0382989815767,99.8394231507324,97.60969,61.763280385540405,7.391741706109323,98.40449987926199,70.9521432613696,73.51859583142256,13.004556727629177,52.767271311877046,58.62052919061992,44.913898161150414,92.7532087058172,89.39,80.95238095238095,76.47058823529412,100.0
Estonia,2013,33.57142857142858,1.8181818181818181,39.529411764705884,70.44088176352705,31.25,80.77,24.186036341153745,97.7167987804878,91.92208565197075,99.86290419597047,97.60969,61.763280385540405,25.515653389081223,98.6622516828908,70.9521432613696,67.58796794459137,13.20098543701145,46.00372786261183,58.41737512554411,44.913898161150414,91.12844490312114,89.74,83.08270676691728,76.9607843137255,100.0
Estonia,2014,33.57142857142858,6.25,32.0,76.05210420841684,37.5,81.17,25.16350776157693,97.82012195121952,88.80587232236479,99.88638524120856,97.60969,61.763280385540405,6.949578419692656,98.92000348651959,70.9521432613696,64.1200228630235,14.765247686726596,25.29478136947908,53.23349179832615,45.15961835601395,89.50368110042506,89.91,85.21303258145363,77.45098039215686,100.0
Estonia,2015,33.57142857142858,3.448275862068966,28.12121212121212,76.55310621242486,43.75,79.38,29.863505334948886,97.92344512195123,85.68965899275885,99.90986628644663,97.60982,61.763280385540405,17.542877062883395,99.1777552901484,70.9521432613696,63.65955540228876,13.784927471868096,70.21965913389674,56.305603643637845,44.32588892385623,87.87891729772898,90.21,87.34335839598998,77.94117647058823,100.0
Estonia,2016,33.57142857142858,5.555555555555556,24.242424242424242,85.97194388777555,50.0,77.99,27.08547852405433,98.02676829268293,82.5734456631529,99.9333473316847,97.60982,61.763280385540405,100.0,99.4355070937772,70.9521432613696,62.53096258369099,13.749318269123789,48.12375885283536,58.49170483567201,45.76215725612566,86.25415349503291,90.36,89.47368421052632,78.43137254901961,100.0
Estonia,2017,33.57142857142858,3.3333333333333335,22.12121212121212,79.75951903807615,57.142857142857146,76.31,25.23164772761948,97.94339512195123,81.73831243499083,99.2244242042312,97.61188,61.763280385540405,100.0,98.94270400630332,70.9521432613696,59.88491656311843,15.061667806342252,74.88553079515034,60.118381192607586,45.76150394509231,87.02848590132649,90.6,89.602053915276,79.2156862745098,100.0
Estonia,2018,33.57142857142858,0.8849557522123895,20.0,81.96392785571143,64.28571428571429,76.08,26.451278473199284,97.86002195121951,80.90317920682877,98.5155010767777,97.61791,61.763280385540405,1.5769294282710171,98.44990091882944,70.9521432613696,59.77202800965217,18.685858387375735,77.67765919304136,76.358568382339,45.76150394509231,87.80281830762007,91.18,89.73042362002568,80.0,100.0
Estonia,2019,33.57142857142858,3.0303030303030303,22.5,85.57114228456915,71.42857142857143,76.75,38.34735655114495,97.7766487804878,80.0680459786667,97.80657794932421,97.62423,61.763280385540405,3.1998793045739085,97.95709783135555,70.9521432613696,60.20803722816923,18.63132109040836,94.55839454839042,85.15039486810909,45.76150394509231,88.57715071391365,91.54,89.85879332477535,80.78431372549021,100.0
Estonia,2020,33.57142857142858,3.448275862068966,25.0,87.57515030060121,78.57142857142857,77.02,51.784556974541715,97.69327560975609,79.23291275050464,97.0976548218707,97.62768,61.763280385540405,3.1998793045739085,97.46429474388167,70.9521432613696,41.38294981850449,18.786201464563607,54.68799880896064,75.93053481275523,45.76150394509231,89.35148312020723,91.88,89.98716302952504,81.5686274509804,100.0
Estonia,2021,33.57142857142858,25.0,25.0,87.57515030060121,85.71428571428572,76.3,45.744259277149,97.60990243902438,78.39777952234257,96.3887316944172,97.62768,61.763280385540405,3.1998793045739085,96.97149165640779,70.9521432613696,41.38294981850449,18.786201464563607,54.68799880896064,75.93053481275523,45.76150394509231,90.12581552650082,91.4,90.11553273427472,82.3529411764706,100.0
Estonia,2022,33.57142857142858,100.0,25.0,87.57515030060121,92.85714285714286,76.1,45.744259277149,97.60990243902438,77.56264629418051,95.6798085669637,97.62768,61.763280385540405,3.1998793045739085,96.4786885689339,70.9521432613696,41.38294981850449,18.786201464563607,54.68799880896064,75.93053481275523,45.76150394509231,90.9001479327944,99.24,90.2439024390244,82.3529411764706,100.0
Estonia,2023,33.57142857142858,100.0,25.0,87.57515030060121,100.0,76.1,45.744259277149,97.60990243902438,77.56264629418051,95.6798085669637,97.62768,61.763280385540405,3.1998793045739085,96.4786885689339,70.9521432613696,41.38294981850449,18.786201464563607,54.68799880896064,75.93053481275523,45.76150394509231,90.9001479327944,99.24,90.2439024390244,82.3529411764706,100.0
Finland,2012,19.789473684210527,3.7037037037037033,47.05882352941176,51.10220440881764,25.0,81.0,36.906728434632065,97.76550000000002,99.177365311527,99.84307242940889,59.78557,29.183475776488912,3.9294620282649246,98.94256795399569,53.277657858841025,17.422097283427583,26.2157109052778,35.661048360315405,65.41993503957804,6.11904191508165,99.4406555793436,84.67,81.81818181818181,76.47058823529412,100.0
Finland,2013,20.21505376344086,2.5,42.57703081232493,54.208416833667336,25.0,78.89,36.647120201104386,97.81943292682928,97.1904578629264,99.86761714006124,59.80147,29.183475776488912,9.512210216141264,99.16788049064814,53.277657858841025,16.410212113428425,28.658481651293332,53.17587454294329,59.978429122531594,6.11904191508165,99.01777774229042,84.37,83.66093366093367,76.9607843137255,100.0
Finland,2014,19.789473684210527,3.7037037037037033,38.095238095238095,68.43687374749499,25.0,78.84,39.87752446117521,97.87336585365856,95.2035504143258,99.89216185071359,59.82015,29.183475776488912,4.637598468959266,99.3931930273006,53.277657858841025,16.202341093510462,27.32573363328681,66.62194494227525,60.459520246575416,6.575194322785046,98.59489990523724,84.1,85.5036855036855,77.45098039215686,100.0
Finland,2015,18.98989898989899,2.7027027027027026,44.04761904761905,89.07815631262525,25.0,76.4,42.96638450761222,97.92729878048782,93.2166429657252,99.91670656136596,60.70879,29.183475776488912,11.232854602296326,99.61850556395305,53.277657858841025,14.887789919204447,25.98654255788011,74.33728456546669,55.652255850279765,5.981225655732964,98.17202206818408,83.74,87.34643734643734,77.94117647058823,100.0
Finland,2016,19.831223628691987,2.7027027027027026,50.0,97.39478957915833,25.0,74.86,40.406166890355365,97.98123170731708,91.2297355171246,99.9412512720183,60.80889,29.183475776488912,20.80775418352203,99.8438181006055,53.277657858841025,14.952275093638775,27.73838739210101,73.70810044985734,79.99458599498067,6.207166678101796,97.7491442311309,83.31,89.1891891891892,78.43137254901961,100.0
Finland,2017,18.25242718446602,2.7027027027027026,43.18181818181819,98.19639278557113,35.714285714285715,73.93,42.65911320485793,97.92841707317073,89.83159899128037,99.26923352522311,60.85378,30.54727872944248,16.50445447447488,98.55696325109952,53.277657858841025,14.379261086324732,26.97031381464044,32.11061309117136,61.99425116616739,6.142723018800719,97.39420394716831,82.93,89.32432432432432,80.78431372549021,100.0
Finland,2018,16.20689655172414,2.272727272727273,36.36363636363637,98.29659318637273,46.42857142857143,74.08,41.52242632622893,97.87560243902439,88.43346246543616,98.59721577842794,60.85404,31.91108168239604,6.737317872780589,97.27010840159353,53.277657858841025,14.436907074452243,28.269379905129465,74.0926683356044,63.85929808700679,6.142723018800719,97.0392636632057,82.73,89.45945945945947,83.13725490196079,100.0
Finland,2019,21.51029748283753,1.754385964912281,34.848484848484844,98.29659318637273,57.14285714285714,75.07,44.40771785740706,97.82278780487806,87.03532593959196,97.92519803163276,60.85412,33.27488463534961,10.999189440615584,95.98325355208755,53.277657858841025,14.961710307020013,17.604212936796625,63.714930137716166,63.87484788841783,6.142723018800719,96.6843233792431,80.87,89.5945945945946,85.49019607843138,100.0
Finland,2020,21.51029748283753,1.5151515151515151,33.33333333333333,99.5991983967936,67.85714285714286,75.21,51.83910163194949,97.76997317073172,85.63718941374773,97.25318028483757,60.85425,33.27692829611827,10.999189440615584,94.69639870258158,58.65436778200177,11.662557409117023,27.423563639036562,30.287034817206294,55.92532318913851,6.142723018800719,96.3293830952805,78.15,89.72972972972973,87.84313725490196,100.0
Finland,2021,21.51029748283753,9.090909090909092,33.33333333333333,99.5991983967936,78.57142857142857,74.51,51.70816345641972,97.71715853658537,84.23905288790351,96.58116253804238,60.85425,33.278971956886934,10.999189440615584,93.40954385307559,64.03107770516252,11.662557409117023,27.423563639036562,30.287034817206294,55.92532318913851,6.142723018800719,95.97444281131791,73.94,89.86486486486487,90.19607843137256,100.0
Finland,2022,21.51029748283753,0.78125,33.33333333333333,99.5991983967936,89.28571428571428,73.82,51.70816345641972,97.71715853658537,82.8409163620593,95.9091447912472,60.85425,33.278971956886934,10.999189440615584,92.1226890035696,64.03107770516252,11.662557409117023,27.423563639036562,30.287034817206294,55.92532318913851,6.142723018800719,95.61950252735531,77.45,90.0,90.19607843137256,100.0
Finland,2023,21.51029748283753,0.78125,33.33333333333333,99.5991983967936,100.0,73.82,51.70816345641972,97.71715853658537,82.8409163620593,95.9091447912472,60.85425,33.278971956886934,10.999189440615584,92.1226890035696,64.03107770516252,11.662557409117023,27.423563639036562,30.287034817206294,55.92532318913851,6.142723018800719,95.61950252735531,77.45,90.0,90.19607843137256,100.0
France,2012,40.0,100.0,32.0,64.12825651302605,25.0,72.6,61.80665365537477,98.6297804878049,91.0137667224097,97.1156812374079,62.51162,40.22515737844205,1.0330657159069088,84.1687567069571,54.60868413000854,15.22446352737086,35.856110792344175,32.38278848709318,47.09354456628407,65.1770996373695,90.3239540394309,77.09,88.13559322033899,84.31372549019608,100.0
France,2013,31.64983164983165,5.263157894736842,31.384615384615387,64.32865731462927,25.0,71.84,61.82815724892038,98.60032317073173,91.64745250407258,97.0709363662867,63.227,40.230709071949946,2.890855230495318,85.94632834914543,54.60868413000854,15.15296193554318,37.11375552981191,88.09310448667479,50.65459300429699,65.1770996373695,90.60785792686946,77.44,89.40571501575675,84.31372549019608,100.0
France,2014,31.756756756756754,50.0,30.76923076923077,64.12825651302605,25.0,71.14,67.88544146265984,98.57086585365855,92.28113828573545,97.0261914951655,72.16826,40.23626076545784,18.967452257293814,87.72389999133375,54.60868413000854,14.997002644720517,36.340443035091944,33.79983125033565,50.176749658413634,59.76115037352141,90.891761814308,78.78,90.67583681117452,84.31372549019608,100.0
France,2015,25.201072386058982,25.0,29.177718832891244,64.42885771543087,25.0,71.68,67.13742767697136,98.54140853658538,92.91482406739833,96.9814466240443,74.48404,40.24181245896575,35.04404928409231,89.50147163352207,54.60868413000854,14.491687902980175,36.57428726137466,59.00475775414247,45.94298953816178,54.345201109673326,91.17566570174654,77.65,91.94595860659227,84.31372549019608,100.0
France,2016,19.789473684210527,33.333333333333336,27.586206896551722,64.62925851703407,25.0,71.76,66.84774177292998,98.51195121951221,93.5485098490612,96.9367017529231,76.43594,40.247364152473644,51.120646310890805,91.2790432757104,54.60868413000854,14.087974921703564,31.941735322882288,28.159941684020332,47.0124512099124,48.92925184582524,91.4595695891851,77.59,93.21608040201004,84.31372549019608,100.0
France,2017,27.893175074183972,50.0,26.696329254727473,69.93987975951904,35.714285714285715,73.25,66.46049591223327,98.49436585365855,93.61346776855267,96.84214063528212,76.91387,60.164909434982434,67.1972433376893,92.37812393623173,54.60868413000854,14.271383514883262,35.61743075088345,63.67792228596275,53.21153471760485,43.51330258197716,91.61290916007691,76.62,92.90216884349519,86.66666666666667,100.0
France,2018,23.03921568627451,1.0638297872340428,25.806451612903224,70.04008016032066,46.42857142857143,72.86,69.39071810736048,98.47678048780489,93.67842568804414,96.74757951764113,78.18471,80.08245471749122,1.3118431789552008,93.47720459675307,54.60868413000854,14.166663727260783,33.957306717593426,91.96750706488876,56.49202035053212,43.51330258197716,91.76624873096873,76.44,92.58825728498033,89.01960784313725,100.0
France,2019,24.73684210526316,12.5,24.014336917562723,70.04008016032066,57.14285714285714,73.41,70.76893394313241,98.45919512195123,93.7433836075356,96.65301840000015,81.85441,100.0,1.3118431789552008,94.5762852572744,54.60868413000854,14.310846857996207,33.03152694694356,80.62426443059954,56.331294410190345,43.51330258197716,91.91958830186056,76.45,92.27434572646547,91.37254901960785,100.0
France,2020,24.73684210526316,4.0,22.22222222222222,71.94388777555109,67.85714285714286,73.49,81.81707705602103,98.44160975609756,93.80834152702707,96.55845728235917,81.88238,100.0,1.3118431789552008,95.67536591779573,58.04251393455272,12.409120987388304,34.658992619851404,0.2471554836806519,42.34838077464331,43.51330258197716,92.07292787275237,76.79,91.96043416795062,93.72549019607843,100.0
France,2021,24.73684210526316,25.0,22.22222222222222,71.94388777555109,78.57142857142857,74.19,75.5728289467277,98.4240243902439,93.87329944651854,96.46389616471818,81.88238,100.0,1.3118431789552008,96.77444657831705,61.476343739096905,12.409120987388304,34.658992619851404,0.2471554836806519,42.34838077464331,43.51330258197716,92.22626744364419,75.15,91.64652260943578,96.07843137254902,100.0
France,2022,24.73684210526316,2.631578947368421,22.22222222222222,71.94388777555109,89.28571428571428,74.12,75.5728289467277,98.4240243902439,93.93825736601,96.3693350470772,81.88238,100.0,1.3118431789552008,97.87352723883839,61.476343739096905,12.409120987388304,34.658992619851404,0.2471554836806519,42.34838077464331,43.51330258197716,92.379607014536,78.61,91.33261105092092,96.07843137254902,100.0
France,2023,24.73684210526316,2.631578947368421,22.22222222222222,71.94388777555109,100.0,74.12,75.5728289467277,98.4240243902439,93.93825736601,96.3693350470772,81.88238,100.0,1.3118431789552008,97.87352723883839,61.476343739096905,12.409120987388304,34.658992619851404,0.2471554836806519,42.34838077464331,43.51330258197716,92.379607014536,78.61,91.33261105092092,96.07843137254902,100.0
Germany,2012,12.51664447403462,100.0,25.806451612903224,99.8997995991984,100.0,75.06,34.78365694080111,98.2334756097561,81.28393616363529,90.0884170930072,74.06325,100.0,12.965808161218407,97.8901774568688,51.24549739101663,53.96676666545611,36.439759406667314,38.80367037837006,70.67306918585015,4.3462886828647,90.6550515286384,73.21,77.61194029850746,80.3921568627451,100.0
Germany,2013,11.913814955640051,4.3478260869565215,25.024437927663733,100.0,100.0,73.91,33.99642542277178,98.23093597560975,82.77843301262851,90.88669245309124,74.13655,100.0,12.965808161218407,97.43640405760597,51.24549739101663,53.69551921314122,34.77344906562021,75.01279169911518,72.30588447642548,4.3462886828647,89.34026738102735,72.38,79.96468041472029,80.88235294117646,100.0
Germany,2014,14.264036418816387,100.0,24.242424242424242,100.0,100.0,72.61,35.76517472440552,98.22839634146342,84.27292986162175,91.68496781317529,74.13655,100.0,12.965808161218407,96.98263065834314,51.24549739101663,56.070361385298064,33.82053561057277,48.34608976553783,67.82981930338894,4.1209355736630116,88.0254832334163,71.66,82.31742053093312,81.37254901960785,100.0
Germany,2015,11.491442542787286,100.0,24.242424242424242,100.0,100.0,72.53,35.81341672242739,98.22585670731708,85.76742671061498,92.48324317325935,74.41213,100.0,35.76285697427115,96.52885725908033,51.24549739101663,58.70524420270703,34.57587803663913,90.8169547813757,68.94492166095205,3.324498775854886,86.71069908580525,75.22,84.67016064714595,81.86274509803923,100.0
Germany,2016,13.613323678493847,100.0,24.242424242424242,100.0,100.0,72.28,35.99762846440503,98.22331707317073,87.2619235596082,93.2815185333434,74.5185,100.0,4.147635586673873,96.0750838598175,51.24549739101663,60.39313802551359,42.22176251552284,64.1762484221542,71.550444932331,3.390834733059939,85.3959149381942,72.73,87.02290076335878,82.3529411764706,100.0
Germany,2017,15.28206795642985,100.0,23.549783549783548,100.0,100.0,72.31,36.72790804559956,98.1993536585366,87.85684165898238,93.30792489053027,76.99299,100.0,20.477213264070134,96.10504001719997,51.24549739101663,63.92151378690517,46.003354425814656,93.13267561746294,71.13330576888353,3.31571702999271,85.78624861867125,74.59,86.33487344314986,83.52941176470588,100.0
Germany,2018,12.066752246469832,16.666666666666668,22.857142857142858,100.0,100.0,71.7,38.271319629015885,98.17539024390244,88.45175975835653,93.33433124771713,80.56568,100.0,12.577896881899953,96.13499617458243,51.24549739101663,63.62354988089197,44.42282528374826,43.284155434091545,77.21945932648411,3.31571702999271,86.1765822991483,76.62,85.64684612294094,84.70588235294117,100.0
Germany,2019,17.60299625468165,100.0,22.239382239382238,99.6993987975952,100.0,71.92,40.85542733620865,98.1514268292683,89.0466778577307,93.360737604904,80.79027,100.0,12.577896881899953,96.1649523319649,51.24549739101663,63.78733230968714,50.2853839989177,99.9713415628287,75.8193118493633,3.31571702999271,86.56691597962535,72.96,84.95881880273203,85.88235294117648,100.0
Germany,2020,17.60299625468165,0.6578947368421052,21.62162162162162,100.0,100.0,71.63,45.652454480847254,98.12746341463415,89.64159595710487,93.38714396209087,80.79027,100.0,12.577896881899953,96.19490848934737,61.09882032619311,61.64375429924777,48.44134867115893,5.4694558463964675,85.36849669357767,3.31571702999271,86.9572496601024,70.67,84.2707914825231,87.05882352941177,100.0
Germany,2021,17.60299625468165,50.0,21.62162162162162,100.0,100.0,71.6,43.28829007007357,98.10350000000001,90.23651405647902,93.41355031927773,80.79027,100.0,12.577896881899953,96.22486464672983,70.9521432613696,61.64375429924777,48.44134867115893,5.4694558463964675,85.36849669357767,3.31571702999271,87.34758334057945,69.85,83.58276416231418,88.23529411764706,100.0
Germany,2022,17.60299625468165,50.0,21.62162162162162,100.0,100.0,71.52,43.28829007007357,98.10350000000001,90.8314321558532,93.4399566764646,80.79027,100.0,12.577896881899953,96.2548208041123,70.9521432613696,61.64375429924777,48.44134867115893,5.4694558463964675,85.36849669357767,3.31571702999271,87.7379170210565,73.23,82.89473684210526,88.23529411764706,100.0
Germany,2023,17.60299625468165,50.0,21.62162162162162,100.0,100.0,71.52,43.28829007007357,98.10350000000001,90.8314321558532,93.4399566764646,80.79027,100.0,12.577896881899953,96.2548208041123,70.9521432613696,61.64375429924777,48.44134867115893,5.4694558463964675,85.36849669357767,3.31571702999271,87.7379170210565,73.23,82.89473684210526,88.23529411764706,100.0
Ireland,2012,26.780626780626783,100.0,30.76923076923077,74.44889779559118,25.0,69.19,41.66211805827837,98.74096341463417,71.0537897990507,92.1308612235499,75.92082,5.360166167492898,0.430903565692305,95.73997690719021,58.86679147042513,5.668473153618169,23.178745940404475,87.95200480683074,59.059375991696285,100.0,98.1263847590427,69.9,86.59217877094972,66.66666666666667,100.0
Ireland,2013,18.650793650793652,100.0,25.641025641025642,84.2685370741483,25.0,67.89,42.57034112909114,98.70994817073172,68.961643093536,90.45744391029737,75.92082,6.022088536800307,0.430903565692305,95.39298290322556,58.86679147042513,5.670076899109835,24.86777455510126,73.3743898182115,59.059375991696285,100.0,95.43321039635717,70.08,88.38163407821229,67.15686274509804,100.0
Ireland,2014,20.568927789934357,100.0,20.51282051282051,83.36673346693388,25.0,67.69,43.06004067427464,98.67893292682928,66.8694963880213,88.78402659704486,75.92082,6.6840109061077175,0.430903565692305,95.0459888992609,58.86679147042513,5.624659811425443,22.83953060297261,77.9010645266959,56.29581319806629,100.0,92.74003603367164,71.82,90.17108938547486,67.64705882352942,100.0
Ireland,2015,19.665271966527197,100.0,23.159636062861868,84.2685370741483,25.0,67.5,41.155724910025434,98.64791768292685,64.77734968250661,87.11060928379233,75.92082,7.345933275415127,8.053689768059836,94.69899489529625,58.86679147042513,5.937261858965063,23.084670037396965,69.84296540662405,67.40600911983098,100.0,90.04686167098612,73.87,91.96054469273743,68.13725490196079,100.0
Ireland,2016,17.375231053604438,100.0,25.806451612903224,79.85971943887776,25.0,67.3,39.92299156868339,98.6169024390244,62.6852029769919,85.4371919705398,75.97923,8.007855644722536,9.167110332637888,94.3520008913316,58.86679147042513,8.099165393046071,24.868589067898515,100.0,85.07946526899045,100.0,87.3536873083006,73.52,93.75,68.62745098039215,100.0
Ireland,2017,15.088282504012843,100.0,25.024437927663733,77.8557114228457,35.714285714285715,67.19,41.21535512777204,98.59472195121953,66.69939082113073,86.16856393969516,76.54297,8.006814886280228,12.88246205511426,94.95523687920783,58.86679147042513,10.895834451628716,20.837172920967546,67.67637700354189,86.10103088198505,100.0,85.42024910306202,72.47,93.43932748538012,68.62745098039215,100.0
Ireland,2018,15.088282504012843,100.0,24.242424242424242,95.89178356713427,46.42857142857143,66.9,41.4357015289237,98.57254146341464,70.71357866526957,86.89993590885054,77.79872,8.005774127837922,21.919322307474673,95.55847286708406,58.86679147042513,11.789860671945952,20.811872610810443,72.83440907787697,87.12259649497966,100.0,83.48681089782346,73.46,93.12865497076024,68.62745098039215,100.0
Ireland,2019,15.088282504012843,100.0,22.12121212121212,97.2945891783567,57.14285714285714,66.7,43.776497388052796,98.55036097560976,74.7277665094084,87.6313078780059,83.13714,8.004733369395614,21.919322307474673,96.1617088549603,58.86679147042513,11.299952823577613,20.508017933743577,15.190193654139787,71.82045084710798,100.0,81.5533726925849,73.34,92.81798245614036,68.62745098039215,100.0
Ireland,2020,15.088282504012843,100.0,20.0,100.0,67.85714285714286,66.63,49.61587047768165,98.52818048780487,78.74195435354723,88.36267984716126,83.16451,8.00512365381148,21.919322307474673,96.76494484283653,64.90946736589737,8.990205788533121,22.363955780321955,28.923978717969305,100.0,100.0,79.61993448734633,73.1,92.50730994152046,68.62745098039215,100.0
Ireland,2021,15.088282504012843,100.0,20.0,100.0,78.57142857142857,66.43,46.737264931130525,98.506,82.75614219768606,89.09405181631664,83.16451,8.005513938227345,21.919322307474673,97.36818083071276,70.9521432613696,8.990205788533121,22.363955780321955,28.923978717969305,100.0,100.0,77.68649628210775,73.46,92.19663742690058,68.62745098039215,100.0
Ireland,2022,15.088282504012843,16.666666666666668,20.0,100.0,89.28571428571428,66.23,46.737264931130525,98.506,86.77033004182489,89.825423785472,83.16451,8.005513938227345,21.919322307474673,97.97141681858899,70.9521432613696,8.990205788533121,22.363955780321955,28.923978717969305,100.0,100.0,75.7530580768692,73.52,91.8859649122807,68.62745098039215,100.0
Ireland,2023,15.088282504012843,16.666666666666668,20.0,100.0,100.0,66.23,46.737264931130525,98.506,86.77033004182489,89.825423785472,83.16451,8.005513938227345,21.919322307474673,97.97141681858899,70.9521432613696,8.990205788533121,22.363955780321955,28.923978717969305,100.0,100.0,75.7530580768692,73.52,91.8859649122807,68.62745098039215,100.0
Latvia,2012,39.166666666666664,11.111111111111112,72.72727272727273,38.77755511022045,50.0,78.47,93.96536360378335,97.09686585365854,94.3185416763648,97.5646853595945,96.16348,20.31531054914824,3.8718286625983827,99.38941931680651,90.29526836685847,23.222018758079177,7.777087312305331,97.4115796910076,38.80903868155219,44.913898161150414,91.7156038649842,87.4,77.27272727272728,80.3921568627451,100.0
Latvia,2013,33.93501805054152,14.285714285714285,69.69696969696969,36.07214428857716,50.0,75.98,94.63707410773658,97.24579268292683,93.09043358069763,98.06486705411791,96.1636,28.13047414147827,3.8718286625983827,99.2940887312883,90.29526836685847,34.37483661174614,8.258606185573116,69.8387776996992,100.0,44.913898161150414,89.42203166686218,88.03,79.90576496674058,80.3921568627451,100.0
Latvia,2014,33.81294964028777,6.666666666666667,66.66666666666666,39.078156312625254,50.0,75.36,96.47067928593464,97.39471951219512,91.86232548503045,98.5650487486413,96.1636,35.9456377338083,3.8718286625983827,99.1987581457701,90.29526836685847,33.48855072496717,8.385443149636618,38.10518399676671,68.23298376957855,45.15961835601395,87.12845946874015,88.28,82.53880266075389,80.3921568627451,100.0
Latvia,2015,33.57142857142858,6.666666666666667,45.83333333333333,39.27855711422846,50.0,73.8,94.71754053786609,97.54364634146341,90.63421738936327,99.0652304431647,96.1636,43.76080132613833,6.228150369957965,99.1034275602519,90.29526836685847,29.83592106231913,8.707920448301573,40.99068231899378,70.26837809407908,44.32588892385623,84.83488727061813,88.49,85.1718403547672,80.3921568627451,100.0
Latvia,2016,37.00787401574803,7.6923076923076925,25.0,41.883767535070135,50.0,73.53,93.97219061589381,97.6925731707317,89.4061092936961,99.5654121376881,96.1636,51.57596491846836,100.0,99.00809697473369,90.29526836685847,26.817884813877015,8.912797287454879,2.19656243675748,53.73653309254045,45.76215725612566,82.5413150724961,88.85,87.8048780487805,80.3921568627451,100.0
Latvia,2017,42.34234234234234,3.8461538461538463,21.195652173913043,41.28256513026052,57.142857142857146,72.91,92.34338440575591,97.59378365853658,88.06861346813466,99.19797388370907,96.1636,51.57596491846836,5.0518900132873314,98.6227647904091,90.29526836685847,30.5799262860085,8.876983193032673,48.351511928757766,51.579594697509556,45.76150394509231,84.00516460467881,88.94,87.94345898004435,80.7843137254902,100.0
Latvia,2018,35.60606060606061,2.7027027027027026,17.391304347826086,50.901803607214426,64.28571428571429,71.93,84.13181579035994,97.49499414634147,86.7311176425732,98.83053562973004,96.1636,51.57596491846836,44.427700117677794,98.2374326060845,90.29526836685847,32.081519177963976,9.889792298138747,96.26645105525333,49.39235676733687,45.76150394509231,85.4690141368615,89.29,88.08203991130821,81.17647058823529,100.0
Latvia,2019,75.80645161290323,7.6923076923076925,15.475313190862195,46.9939879759519,71.42857142857143,72.72,85.5277309454761,97.39620463414634,85.39362181701175,98.463097375751,96.1636,51.57596491846836,100.0,97.8521004217599,90.29526836685847,29.921846302211502,11.740645932364414,67.92293822687182,48.40548171684691,45.76150394509231,86.9328636690442,89.64,88.22062084257206,81.5686274509804,100.0
Latvia,2020,75.80645161290323,5.88235294117647,13.559322033898304,47.99599198396793,78.57142857142857,72.44,96.24772284944036,97.29741512195123,84.0561259914503,98.09565912177196,96.1636,51.5818431911967,100.0,97.46676823743529,80.62370581411403,22.00859257620852,13.547465307686188,19.6105789472288,47.79577451384383,45.76150394509231,88.3967132012269,89.87,88.35920177383592,81.9607843137255,100.0
Latvia,2021,75.80645161290323,33.333333333333336,13.559322033898304,47.99599198396793,85.71428571428572,72.87,91.68140315933495,97.1986256097561,82.71863016588884,97.72822086779293,96.1636,51.58772146392504,100.0,97.08143605311069,70.9521432613696,22.00859257620852,13.547465307686188,19.6105789472288,47.79577451384383,45.76150394509231,89.86056273340961,89.45,88.49778270509978,82.3529411764706,100.0
Latvia,2022,75.80645161290323,100.0,13.559322033898304,47.99599198396793,92.85714285714286,72.59,91.68140315933495,97.1986256097561,81.38113434032739,97.3607826138139,96.1636,51.58772146392504,100.0,96.6961038687861,70.9521432613696,22.00859257620852,13.547465307686188,19.6105789472288,47.79577451384383,45.76150394509231,91.3244122655923,99.01,88.63636363636364,82.3529411764706,100.0
Latvia,2023,75.80645161290323,100.0,13.559322033898304,47.99599198396793,100.0,72.59,91.68140315933495,97.1986256097561,81.38113434032739,97.3607826138139,96.1636,51.58772146392504,100.0,96.6961038687861,70.9521432613696,22.00859257620852,13.547465307686188,19.6105789472288,47.79577451384383,45.76150394509231,91.3244122655923,99.01,88.63636363636364,82.3529411764706,100.0
Lithuania,2012,32.19178082191781,50.0,47.05882352941176,38.97795591182365,50.0,77.68,76.33469820479853,96.98000731707317,91.7873072615244,92.3824830071469,65.53137,32.933255269320846,1.4981890008220515,98.1551501398332,51.24549739101663,73.72509050032303,9.67518317098212,37.15380689550445,33.81713519609277,44.913898161150414,96.0647112326221,88.71,77.27272727272728,58.8235294117647,100.0
Lithuania,2013,30.12820512820513,2.777777777777778,39.529411764705884,42.985971943887776,56.25,75.07,80.50888716081897,97.08927012195122,89.62198076735835,94.08485849605333,77.52396,43.76463700234192,1.7589739431412537,98.11766996098717,51.24549739101663,75.03676598803611,10.534298390549452,50.32150233114349,41.28335706045121,44.913898161150414,93.143201851754,89.17,79.82954545454547,59.803921568627445,100.0
Lithuania,2014,37.903225806451616,6.25,32.0,51.30260521042085,62.5,74.03,81.39023298510824,97.19853292682927,87.4566542731923,95.78723398495976,77.52396,54.596018735363,3.011770642174275,98.08018978214115,51.24549739101663,78.73678821099237,13.81324378717162,89.84333104205115,35.70019875010757,45.15961835601395,90.2216924708859,89.48,82.38636363636364,60.78431372549019,100.0
Lithuania,2015,37.6,8.333333333333334,28.903225806451612,54.90981963927856,68.75,73.05,79.47670751615308,97.30779573170733,85.29132777902625,97.48960947386617,83.51997,65.42740046838408,7.287139640755007,98.04270960329512,51.24549739101663,76.09814010010612,14.862925000935078,64.86616307813948,42.694468957544416,44.32588892385623,87.3001830900178,89.81,84.94318181818181,61.76470588235294,100.0
Lithuania,2016,32.26973180076629,5.0,25.806451612903224,74.54909819639279,75.0,72.18,77.95138265572497,97.41705853658537,83.1260012848602,99.1919849627726,83.51997,76.25878220140515,11.7844371026272,98.0052294244491,51.24549739101663,79.03700707636875,15.099927007253159,61.5139651460357,52.212723478329856,45.76215725612566,84.3786737091497,89.95,87.5,62.745098039215684,100.0
Lithuania,2017,26.939463601532566,1.3513513513513513,23.714036617262423,73.54709418837676,78.57142857142857,71.48,75.75172199685586,97.35008487804879,83.08860461778299,98.7024569680136,83.51997,76.25878220140515,2.9157433892800233,97.53932471408895,51.24549739101663,79.6932401631784,18.26712500260719,99.9988544511741,47.66877970296463,45.76150394509231,85.13549319890404,90.14,87.6453488372093,63.13725490196078,100.0
Lithuania,2018,21.60919540229885,5.0,21.62162162162162,72.24448897795591,82.14285714285714,71.12,73.57738089339425,97.28311121951221,83.0512079507058,98.21292897325463,83.51997,76.25878220140515,0.458029964253687,97.0734200037288,51.24549739101663,86.1972242519078,18.402183204336165,99.99999999999999,46.106782199209526,45.76150394509231,85.8923126886584,90.62,87.79069767441861,63.52941176470588,100.0
Lithuania,2019,23.03921568627451,6.25,20.81081081081081,79.75951903807615,85.71428571428572,72.12,71.95161808806763,97.21613756097561,83.0138112836286,97.72340097849565,83.51997,76.25878220140515,1.4519918968263472,96.60751529336865,51.24549739101663,92.12953563021371,19.122911107333433,89.75711229669679,47.93611834480114,45.76150394509231,86.64913217841274,90.93,87.93604651162791,63.92156862745098,100.0
Lithuania,2020,23.03921568627451,4.545454545454546,20.0,63.52705410821643,89.28571428571429,71.5,73.78440353469246,97.14916390243903,82.9764146165514,97.23387298373666,83.51997,76.25878220140515,1.4519918968263472,96.1416105830085,52.69614418407865,91.06271851099,19.14413201933427,42.14057934920135,48.22226144143938,45.76150394509231,87.40595166816709,91.18,88.0813953488372,64.31372549019608,100.0
Lithuania,2021,23.03921568627451,7.142857142857142,20.0,63.52705410821643,92.85714285714286,71.85,72.16433588406807,97.08219024390245,82.9390179494742,96.74434498897769,83.51997,76.25878220140515,1.4519918968263472,95.67570587264835,54.14679097714067,91.06271851099,19.14413201933427,42.14057934920135,48.22226144143938,45.76150394509231,88.16277115792144,90.81,88.22674418604652,64.70588235294117,100.0
Lithuania,2022,23.03921568627451,100.0,20.0,63.52705410821643,96.42857142857143,71.8,72.16433588406807,97.08219024390245,82.901621282397,96.2548169942187,83.51997,76.25878220140515,1.4519918968263472,95.2098011622882,54.14679097714067,91.06271851099,19.14413201933427,42.14057934920135,48.22226144143938,45.76150394509231,88.91959064767579,97.63,88.37209302325581,64.70588235294117,100.0
Lithuania,2023,23.03921568627451,100.0,20.0,63.52705410821643,100.0,71.8,72.16433588406807,97.08219024390245,82.901621282397,96.2548169942187,83.51997,76.25878220140515,1.4519918968263472,95.2098011622882,54.14679097714067,91.06271851099,19.14413201933427,42.14057934920135,48.22226144143938,45.76150394509231,88.91959064767579,97.63,88.37209302325581,64.70588235294117,100.0
Netherlands,2012,5.529411764705882,100.0,23.52941176470588,98.29659318637273,100.0,68.51,34.45962211897226,98.5969024390244,85.8838037746261,92.7364419048367,93.31337,61.139783609003864,9.666848757857622,92.98630902405431,46.306308239801396,20.941432119519707,100.0,84.17836644168905,39.66577838771789,3.818245401564848,95.566376226418,55.01,83.13253012048193,84.31372549019608,100.0
Netherlands,2013,5.484247374562427,2.941176470588235,23.52941176470588,97.79559118236473,100.0,68.47,34.63772137401868,98.56550000000001,86.4825950720849,92.01642065840088,93.31337,65.39402230236705,72.03042683521929,93.50070685043273,46.306308239801396,21.919950690477975,100.0,75.61549348298024,37.62081871268354,3.818245401564848,93.86503487004003,54.66,85.22173801589337,84.80392156862746,100.0
Netherlands,2014,5.781057810578106,100.0,23.52941176470588,98.09619238476954,100.0,67.92,36.188368136445284,98.53409756097562,87.08138636954371,91.29639941196504,93.31337,69.64826099573023,1.2166733460836725,94.01510467681115,46.306308239801396,12.424026075451952,100.0,61.60262674226938,34.834169785935146,3.6149159487908435,92.16369351366205,54.62,87.3109459113048,85.29411764705883,100.0
Netherlands,2015,4.885654885654886,100.0,24.66793168880455,97.09418837675352,100.0,68.43,34.91206068578856,98.50269512195122,87.6801776670025,90.57637816552922,93.31337,73.9024996890934,24.17325373366873,94.52950250318958,46.306308239801396,12.43631523284333,95.26297762820046,84.5469263341044,32.89436458558846,3.1369080033387045,90.46235215728407,54.77,89.40015380671625,85.7843137254902,100.0
Netherlands,2016,4.832904884318767,100.0,25.806451612903224,95.99198396793587,100.0,67.88,34.83921249543936,98.47129268292683,88.2789689644613,89.8563569190934,96.6463,78.15673838245658,3.5943005295795896,95.043900329568,46.306308239801396,12.987307439178258,64.86950676629404,21.38979717916302,40.62590756081982,3.2485248490256384,88.7610108009061,55.29,91.48936170212768,86.27450980392157,100.0
Netherlands,2017,5.164835164835165,100.0,25.024437927663733,96.19238476953909,100.0,67.96,35.480295093395576,98.45593414634146,89.20495911977386,90.99801313679637,96.6463,78.15673838245658,12.272899103839801,95.39635012127957,46.306308239801396,13.038129727368117,66.68054895829208,58.09790569963513,39.74538437785114,3.598533229327878,88.8366479294236,56.04,91.08240459304291,87.45098039215686,100.0
Netherlands,2018,4.795918367346939,33.333333333333336,24.242424242424242,94.48897795591182,100.0,67.19,36.5101145998689,98.4405756097561,90.13094927508644,92.13966935449933,96.6463,78.15673838245658,0.9908165293868623,95.74879991299113,46.306308239801396,15.463898563428394,65.15871862890403,77.82895850233052,46.46351461993565,3.598533229327878,88.9122850579411,57.44,90.67544748395814,88.62745098039215,100.0
Netherlands,2019,5.669481302774427,100.0,22.93202293202293,95.89178356713427,100.0,66.85,38.03995855998939,98.42521707317074,91.05693943039901,93.28132557220229,96.6463,78.15673838245658,1.5753284295473495,96.1012497047027,46.306308239801396,15.93514399839002,59.56584418752183,79.58742941694659,45.512191617631245,3.598533229327878,88.9879221864586,59.02,90.26849037487337,89.80392156862746,100.0
Netherlands,2020,5.669481302774427,100.0,21.62162162162162,95.09018036072146,100.0,67.8,43.939379629594725,98.40985853658538,91.98292958571157,94.42298178990526,96.6463,81.71402810595697,1.5753284295473495,96.45369949641427,48.77590281540901,15.31865817021702,46.389874967900624,40.346287887404735,31.666511198394236,3.598533229327878,89.0635593149761,69.41,89.8615332657886,90.98039215686275,100.0
Netherlands,2021,5.669481302774427,0.3952569169960475,21.62162162162162,95.09018036072146,100.0,68.1,42.925951725521365,98.39450000000001,92.90891974102414,95.56463800760824,96.6463,85.27131782945737,1.5753284295473495,96.80614928812584,51.24549739101663,15.31865817021702,46.389874967900624,40.346287887404735,31.666511198394236,3.598533229327878,89.1391964434936,57.98,89.45457615670382,92.15686274509804,100.0
Netherlands,2022,5.669481302774427,5.555555555555556,21.62162162162162,95.09018036072146,100.0,67.97,42.925951725521365,98.39450000000001,93.83490989633671,96.7062942253112,96.6463,85.27131782945737,1.5753284295473495,97.1585990798374,51.24549739101663,15.31865817021702,46.389874967900624,40.346287887404735,31.666511198394236,3.598533229327878,89.2148335720111,60.35,89.04761904761905,92.15686274509804,100.0
Netherlands,2023,5.669481302774427,5.555555555555556,21.62162162162162,95.09018036072146,100.0,67.97,42.925951725521365,98.39450000000001,93.83490989633671,96.7062942253112,96.6463,85.27131782945737,1.5753284295473495,97.1585990798374,51.24549739101663,15.31865817021702,46.389874967900624,40.346287887404735,31.666511198394236,3.598533229327878,89.2148335720111,60.35,89.04761904761905,92.15686274509804,100.0
Poland,2012,19.542619542619544,25.0,32.0,26.252505010020037,25.0,69.42,42.10245017505229,96.4693292682927,89.2635800356787,96.5688840098242,87.25113,80.459386743157,0.44171641450839416,99.7624083650757,72.70773919226959,36.379925873510835,19.23739455208649,62.903197879934766,60.05720088379173,1.2291270721232272,94.9169947166006,87.82,76.92307692307692,80.3921568627451,97.0
Poland,2013,17.153284671532848,5.0,28.903225806451612,20.84168336673347,31.25,68.98,42.63450022246489,96.61610579268294,89.34268777238323,96.96047705619995,87.25113,80.45660729771195,0.7356763127586499,99.52117943419105,72.70773919226959,36.115546091001995,21.333198654259586,52.70759594246646,57.61210308879764,1.2291270721232272,91.38017823222432,87.97,79.50081833060557,81.37254901960785,97.0
Poland,2014,23.61809045226131,7.142857142857142,25.806451612903224,35.87174348697395,37.5,68.29,44.24043764900977,96.76288231707318,89.42179550908776,97.35207010257571,87.25113,80.45382785226693,0.6666638360065168,99.2799505033064,72.70773919226959,32.86123057664352,22.825105465201865,44.64664562922229,38.51427448468836,1.3029146587799512,87.84336174784805,71.36,82.0785597381342,82.35294117647058,97.0
Poland,2015,19.665271966527197,10.0,24.66793168880455,39.77955911823648,43.75,67.53,43.754609894520534,96.90965884146343,89.50090324579227,97.74366314895146,87.25113,80.45104840682188,0.7897811717193712,99.03872157242175,72.70773919226959,33.5933090399317,23.615814305949456,47.61857854209721,42.33361081603336,0.8688952177294712,84.30654526347178,71.92,84.65630114566284,83.33333333333333,97.0
Poland,2016,21.31519274376417,10.0,23.52941176470588,54.90981963927856,50.0,67.46,42.24170016023881,97.05643536585367,89.5800109824968,98.1352561953272,87.25113,80.44826896137684,0.2803892065887461,98.7974926415371,72.70773919226959,34.73728435354982,20.772319891959707,59.16069608273235,41.0723947221169,0.8534811764162678,80.7697287790955,74.67,87.23404255319149,84.31372549019608,97.0
Poland,2017,19.42148760330579,7.142857142857142,19.037433155080212,46.09218436873748,57.142857142857146,67.27,40.5383752379086,96.95525390243904,87.12558755894278,97.16010013188497,87.25113,80.4519748886369,0.3601388870737346,98.14990287123942,72.70773919226959,35.7878599800233,23.450211993556458,94.27368313191675,42.54875986543238,0.8235807907207481,81.78028890628202,76.09,87.07412042831317,84.70588235294117,97.0
Poland,2018,15.210355987055019,12.5,14.545454545454545,52.104208416833664,64.28571428571429,67.01,40.572724693831,96.8540724390244,84.67116413538876,96.18494406844273,87.31556,80.45568081589694,0.337319014247124,97.50231310094173,72.70773919226959,36.73039504259537,23.688540884398126,72.58091104698602,41.51385192260286,0.8235807907207481,82.79084903346853,76.21,86.91419830343484,85.09803921568627,97.0
Poland,2019,19.831223628691987,4.761904761904763,14.052388289676426,45.09018036072144,71.42857142857143,66.96,42.865032560558454,96.75289097560977,82.21674071183475,95.20978800500049,87.31556,80.459386743157,0.35600678435154853,96.85472333064405,72.70773919226959,36.97659229547537,24.355913633107136,73.64973261504002,42.0595525017841,0.8235807907207481,83.80140916065506,76.01,86.75427617855652,85.49019607843138,97.0
Poland,2020,19.831223628691987,4.545454545454546,13.559322033898304,45.09018036072144,78.57142857142857,66.84,45.24304169419346,96.65170951219514,79.76231728828074,94.23463194155826,87.31556,80.50941676116781,0.35600678435154853,96.20713356034636,71.82994122681959,35.33634198433479,27.25012952554134,80.94413487536951,27.72591639523711,0.8235807907207481,84.81196928784158,75.03,86.59435405367822,85.88235294117648,97.0
Poland,2021,19.831223628691987,33.333333333333336,13.559322033898304,45.09018036072144,85.71428571428572,66.68,41.185794749932214,96.5505280487805,77.30789386472672,93.25947587811604,87.31556,80.55944677917861,0.35600678435154853,95.55954379004868,70.9521432613696,35.33634198433479,27.25012952554134,80.94413487536951,27.72591639523711,0.8235807907207481,85.82252941502809,72.35,86.4344319287999,86.27450980392157,97.0
Poland,2022,19.831223628691987,100.0,13.559322033898304,45.09018036072144,92.85714285714286,66.59,41.185794749932214,96.5505280487805,74.8534704411727,92.2843198146738,87.31556,80.55944677917861,0.35600678435154853,94.911954019751,70.9521432613696,35.33634198433479,27.25012952554134,80.94413487536951,27.72591639523711,0.8235807907207481,86.83308954221461,77.61,86.27450980392157,86.27450980392157,97.0
Poland,2023,19.831223628691987,100.0,13.559322033898304,45.09018036072144,100.0,66.59,41.185794749932214,96.5505280487805,74.8534704411727,92.2843198146738,87.31556,80.55944677917861,0.35600678435154853,94.911954019751,70.9521432613696,35.33634198433479,27.25012952554134,80.94413487536951,27.72591639523711,0.8235807907207481,86.83308954221461,77.61,86.27450980392157,86.27450980392157,97.0
Portugal,2012,21.4123006833713,1.9230769230769231,47.05882352941176,39.478957915831664,25.0,75.57,72.42066507822713,98.58326829268294,78.73271116107,98.7462824669165,68.28585,0.5078908185140665,1.1307992768806068,96.06558295767739,47.35255544983533,15.794767424447167,14.91129886439564,61.985137241708586,53.680932889119404,100.0,98.8623295927751,77.81,89.57345971563981,68.62745098039215,100.0
Portugal,2013,24.28940568475452,25.0,41.711229946524064,45.09018036072144,31.25,74.24,74.49730559408053,98.56175914634147,80.08985244205635,98.50631314688425,68.28585,1.9179434316836717,0.7468605814407133,96.43470296906501,47.35255544983533,17.325198745485658,16.561277072059887,80.80545008328838,62.73709232778779,100.0,97.79581578559612,72.1,90.86286097772876,70.58823529411765,100.0
Portugal,2014,20.93541202672606,10.0,36.36363636363637,48.59719438877756,37.5,74.0,74.14094140308788,98.54025000000001,81.4469937230427,98.266343826852,68.28585,3.327996044853277,1.3960250029782157,96.80382298045265,47.35255544983533,18.03739520812097,15.810878157729682,97.88629364856318,63.290166766077185,100.0,96.72930197841714,69.0,92.1522622398177,72.54901960784314,100.0
Portugal,2015,21.21896162528217,1.9607843137254901,31.515151515151516,51.40280561122245,43.75,73.53,67.83480592472512,98.51874085365856,82.80413500402904,98.02637450681974,70.30955,4.7380486580228816,1.1780129613181018,97.17294299184027,47.35255544983533,17.664325552921248,16.0629475487257,55.514836474252064,55.856188199558446,100.0,95.66278817123818,64.32,93.44166350190666,74.50980392156862,100.0
Portugal,2016,20.12847965738758,3.571428571428571,26.666666666666668,50.0,50.0,73.36,69.65004295565652,98.49723170731708,84.16127628501539,97.78640518678749,70.43105,6.148101271192487,0.3235426000177999,97.5420630032279,47.35255544983533,18.095508034974785,16.776657439070437,96.46706167794102,57.46123276567907,100.0,94.5962743640592,64.99,94.7310647639956,76.47058823529412,100.0
Portugal,2017,20.93541202672606,20.0,24.444444444444443,60.320641282565134,57.142857142857146,73.0,63.30705750254189,98.47339512195123,85.94153135183906,97.95436836868886,70.43105,6.826124587378881,0.6559080686724428,97.77893676286416,47.35255544983533,21.456698586955252,16.682226062088276,74.09152206237725,67.91022907330124,100.0,94.15550835554208,62.69,94.37224146999634,78.43137254901961,100.0
Portugal,2018,20.65934065934066,1.4925373134328357,22.22222222222222,56.71342685370742,64.28571428571429,72.75,67.13247279439484,98.44955853658537,87.72178641866273,98.12233155059023,70.76779,7.504147903565276,0.713412234990954,98.01581052250043,47.35255544983533,26.98058015357463,16.46046561339852,96.53560957869148,84.39510284123219,100.0,93.71474234702497,65.46,94.01341817599707,80.3921568627451,100.0
Portugal,2019,20.79646017699115,3.8461538461538463,20.41343669250646,59.018036072144284,71.42857142857143,72.67,71.69398513654264,98.42572195121953,89.50204148548639,98.29029473249159,70.76779,8.18217121975167,0.47927870220985935,98.2526842821367,47.35255544983533,27.595095767744958,17.531064735967675,82.22420036742221,83.74973905217054,100.0,93.27397633850785,68.21,93.65459488199781,82.3529411764706,100.0
Portugal,2020,20.79646017699115,7.6923076923076925,18.6046511627907,57.014028056112224,78.57142857142857,72.35,86.10085902177686,98.40188536585367,91.28229655231006,98.45825791439296,70.76779,8.18217121975167,0.47927870220985935,98.48955804177297,58.77336418645366,17.85064790557662,17.06877779088706,9.280986818044063,67.52014534680299,100.0,92.83321032999073,63.22,93.29577158799853,84.31372549019608,100.0
Portugal,2021,20.79646017699115,3.8461538461538463,18.6046511627907,57.014028056112224,85.71428571428572,72.11,88.75168403395838,98.37804878048782,93.06255161913373,98.62622109629433,70.76779,8.18217121975167,0.47927870220985935,98.72643180140923,70.19417292307199,17.85064790557662,17.06877779088706,9.280986818044063,67.52014534680299,100.0,92.39244432147362,60.25,92.93694829399927,86.27450980392157,100.0
Portugal,2022,20.79646017699115,0.5235602094240838,18.6046511627907,57.014028056112224,92.85714285714286,71.87,88.75168403395838,98.37804878048782,94.8428066859574,98.7941842781957,70.76779,8.18217121975167,0.47927870220985935,98.9633055610455,70.19417292307199,17.85064790557662,17.06877779088706,9.280986818044063,67.52014534680299,100.0,91.9516783129565,66.08,92.578125,86.27450980392157,100.0
Portugal,2023,20.79646017699115,0.5235602094240838,18.6046511627907,57.014028056112224,100.0,71.87,88.75168403395838,98.37804878048782,94.8428066859574,98.7941842781957,70.76779,8.18217121975167,0.47927870220985935,98.9633055610455,70.19417292307199,17.85064790557662,17.06877779088706,9.280986818044063,67.52014534680299,100.0,91.9516783129565,66.08,92.578125,86.27450980392157,100.0
Spain,2012,27.976190476190478,5.88235294117647,33.33333333333333,53.30661322645292,25.0,72.16,58.295610008752654,98.5623780487805,92.064992078069,99.4438292181352,62.51987,3.5150291810934697,10.216784819546445,81.6194921721647,54.60868413000854,23.01422450528535,25.501542969052014,3.312836728706804,53.8680190069727,68.13857133647377,91.2620368676261,73.45,89.93839835728953,86.27450980392157,100.0
Spain,2013,32.75261324041812,11.111111111111112,33.33333333333333,58.61723446893787,25.0,70.55,63.88357720621224,98.53314329268294,91.181546613476,98.81557201630872,62.55468,9.616380181533756,6.967267633783893,84.84075398712675,54.60868413000854,23.387183618730216,24.206884452308884,80.6620920151151,54.20373023795217,68.13857133647377,89.59392841165365,72.6,91.11541492958331,86.27450980392157,100.0
Spain,2014,23.857868020304572,33.333333333333336,33.33333333333333,59.118236472945895,25.0,70.29,62.92129850993427,98.50390853658539,90.298101148883,98.18731481448225,84.84646,15.717731181974044,8.546356484450357,88.06201580208881,54.60868413000854,22.17064723167163,27.403409015397738,22.1335236468121,51.74247505337374,78.75904755764918,87.92581995568119,72.04,92.29243150187708,86.27450980392157,100.0
Spain,2015,24.415584415584416,0.6211180124223602,41.666666666666664,61.22244488977956,25.0,70.02,59.06846089297855,98.47467378048782,89.41465568429,97.55905761265578,85.76788,21.81908218241433,8.392387709330428,91.28327761705086,54.60868413000854,23.587060537654366,24.89253614361415,83.22748806638911,55.08865878726017,89.37952377882459,86.25771149970873,71.77,93.46944807417086,86.27450980392157,100.0
Spain,2016,24.102564102564102,5.555555555555556,50.0,61.923847695390776,25.0,69.76,61.08819564174311,98.44543902439025,88.531210219697,96.93080041082929,85.84322,27.92043318285462,3.0026408759137757,94.5045394320129,54.60868413000854,24.831959907979375,23.418571602979007,85.33415430631013,56.31636347972238,100.0,84.58960304373629,71.37,94.64646464646464,86.27450980392157,100.0
Spain,2017,19.06693711967546,100.0,48.529411764705884,64.12825651302605,32.142857142857146,69.49,58.008847154936745,98.43035609756099,89.09895699910612,96.85972874240369,85.84396,27.920543447902023,3.545326999047502,95.17340177265163,54.60868413000854,26.237343031126102,22.420036046414445,93.82126565823864,60.765158738598636,100.0,85.2153120464587,71.2,94.29103107476489,86.66666666666667,100.0
Spain,2018,19.06693711967546,0.3690036900369004,47.05882352941176,66.23246492985972,39.285714285714285,69.23,58.99469170683712,98.41527317073172,89.66670377851524,96.78865707397809,85.84396,27.920653712949424,4.3549477731473605,95.84226411329037,54.60868413000854,29.481806657448274,25.493749338210897,97.16243940000575,71.42743334499133,100.0,85.84102104918112,70.66,93.93559750306514,87.05882352941177,100.0
Spain,2019,19.06693711967546,1.724137931034483,44.58204334365325,66.93386773547094,46.42857142857143,68.96,63.15417467415247,98.40019024390244,90.23445055792436,96.71758540555248,85.84521,27.920763977996828,4.131086836572761,96.51112645392911,54.60868413000854,28.7996045811092,26.29707140015251,8.835392831024134,70.59123302050494,100.0,86.46673005190354,70.27,93.5801639313654,87.45098039215686,100.0
Spain,2020,19.06693711967546,2.4390243902439024,42.10526315789473,55.61122244488978,53.57142857142857,68.7,78.0404387852563,98.38510731707318,90.80219733733347,96.6465137371269,85.86279,27.964925129481486,4.131086836572761,97.17998879456783,51.64847527807389,18.070642162040865,26.326202495773277,0.0,44.842960203624756,100.0,87.09243905462597,69.99,93.22473035966566,87.84313725490196,100.0
Spain,2021,19.06693711967546,1.0989010989010988,42.10526315789473,55.61122244488978,60.714285714285715,68.43,72.09504890681457,98.37002439024391,91.36994411674259,96.57544206870129,85.86279,28.009086280966144,4.131086836572761,97.84885113520656,48.68826642613923,18.070642162040865,26.326202495773277,0.0,44.842960203624756,100.0,87.71814805734839,67.9,92.86929678796591,88.23529411764706,100.0
Spain,2022,19.06693711967546,1.6666666666666667,42.10526315789473,55.61122244488978,67.85714285714286,68.17,72.09504890681457,98.37002439024391,91.93769089615171,96.50437040027569,85.86279,28.009086280966144,4.131086836572761,98.5177134758453,48.68826642613923,18.070642162040865,26.326202495773277,0.0,44.842960203624756,100.0,88.3438570600708,73.08,92.51386321626616,88.23529411764706,100.0
Spain,2023,19.06693711967546,1.6666666666666667,42.10526315789473,55.61122244488978,75.0,68.17,72.09504890681457,98.37002439024391,91.93769089615171,96.50437040027569,85.86279,28.009086280966144,4.131086836572761,98.5177134758453,48.68826642613923,18.070642162040865,26.326202495773277,0.0,44.842960203624756,100.0,88.3438570600708,73.08,92.51386321626616,88.23529411764706,100.0
Sweden,2012,30.12820512820513,14.285714285714285,44.44444444444444,58.21643286573147,25.0,76.72,70.3904198355267,97.43773170731707,91.4754166849543,96.4300340200774,56.67376,20.023989305661946,0.7165335625107214,96.7053340050353,70.9521432613696,10.492028285923816,30.69236256126314,43.10917532441112,62.00618106244087,44.913898161150414,90.1553664558795,94.77,77.27272727272728,82.3529411764706,100.0
Sweden,2013,27.246376811594203,5.0,35.12544802867383,57.11422845691383,31.25,76.23,73.07825890447783,97.5223963414634,88.16300413963427,96.61548381576523,56.67456,25.86950504354767,0.8656614858108089,97.1502247305077,70.9521432613696,9.808336898106068,31.884127809700107,10.961825921768032,56.367294506544475,44.913898161150414,89.9063264915212,94.55,79.7348484848485,84.31372549019608,100.0
Sweden,2014,30.618892508143325,4.761904761904763,25.806451612903224,56.91382765531062,37.5,75.88,76.49970421480914,97.60706097560976,84.85059159431424,96.80093361145305,57.02672,31.715020781433395,0.9665400562114519,97.5951154559801,70.9521432613696,10.232109508946849,36.35416133894951,90.1351229357468,59.69367460902299,45.15961835601395,89.6572865271629,94.57,82.1969696969697,86.27450980392157,100.0
Sweden,2015,29.65299684542587,2.5,25.403225806451612,59.519038076152306,43.75,75.82,77.57653514503447,97.6917256097561,81.53817904899422,96.98638340714086,57.0337,37.560536519319115,0.8077113205517764,98.0400061814525,70.9521432613696,10.324199705404407,36.00012803786609,84.54053279636133,56.2676991623495,44.32588892385623,89.40824656280459,94.93,84.6590909090909,88.23529411764707,100.0
Sweden,2016,25.61307901907357,4.545454545454546,25.0,61.82364729458918,50.0,75.57,77.79476037097496,97.77639024390244,78.2257665036742,97.1718332028287,59.73273,43.40605225720484,0.6321575870408377,98.4848969069249,70.9521432613696,11.198807584700388,34.465893003538135,71.46805101498842,75.72588828283622,45.76215725612566,89.15920659844629,95.51,87.12121212121212,90.19607843137256,100.0
Sweden,2017,26.62889518413598,3.125,22.756410256410255,49.29859719438878,57.142857142857146,74.25,80.21112343528694,97.71901219512195,77.68189704070863,96.21204337923741,59.74495,43.416065682346975,0.677492260156974,98.00411453829986,70.9521432613696,11.471557289607798,33.94917973777446,65.905795987973,73.78480593517021,45.76150394509231,88.85553064495383,95.62,86.60563973063974,90.98039215686275,100.0
Sweden,2018,15.51155115511551,3.225806451612903,20.51282051282051,51.30260521042085,64.28571428571429,73.5,81.9129544116312,97.66163414634147,77.13802757774306,95.25225355564613,59.94616,43.42607910748911,0.889198045662384,97.5233321696748,70.9521432613696,12.242863850743891,37.06072132886145,100.0,81.27975803059374,45.76150394509231,88.55185469146136,95.73,86.09006734006734,91.76470588235294,100.0
Sweden,2019,36.015325670498086,2.1276595744680855,22.377622377622377,54.70941883767535,71.42857142857143,73.15,85.0303464201868,97.60425609756098,76.5941581147775,94.29246373205484,60.20927,43.43609253263124,0.9894145517724969,97.04254980104974,70.9521432613696,13.958145815468818,34.63971047958622,80.16697647472218,80.20999730098912,45.76150394509231,88.24817873796889,95.86,85.57449494949495,92.54901960784315,100.0
Sweden,2020,36.015325670498086,1.5151515151515151,24.242424242424242,50.80160320641283,78.57142857142857,73.03,99.6174317728475,97.5468780487805,76.05028865181194,93.33267390846356,60.4589,43.46076847316009,0.9894145517724969,96.5617674324247,70.9521432613696,10.685917955270064,36.98596032778039,14.63650715719519,74.42779276342254,45.76150394509231,87.94450278447643,95.96,85.05892255892256,93.33333333333334,100.0
Sweden,2021,36.015325670498086,2.3809523809523814,24.242424242424242,50.80160320641283,85.71428571428572,73.13,95.30793087910561,97.4895,75.50641918884637,92.37288408487228,60.46026,43.485444413688924,0.9894145517724969,96.08098506379966,70.9521432613696,10.685917955270064,36.98596032778039,14.63650715719519,74.42779276342254,45.76150394509231,87.64082683098397,95.08,84.54335016835016,94.11764705882354,100.0
Sweden,2022,36.015325670498086,0.14992503748125938,24.242424242424242,50.80160320641283,92.85714285714286,72.54,95.30793087910561,97.4895,74.9625497258808,91.413094261281,60.46026,43.485444413688924,0.9894145517724969,95.6002026951746,70.9521432613696,10.685917955270064,36.98596032778039,14.63650715719519,74.42779276342254,45.76150394509231,87.3371508774915,97.37,84.02777777777777,94.11764705882354,100.0
Sweden,2023,36.015325670498086,0.14992503748125938,24.242424242424242,50.80160320641283,100.0,72.54,95.30793087910561,97.4895,74.9625497258808,91.413094261281,60.46026,43.485444413688924,0.9894145517724969,95.6002026951746,70.9521432613696,10.685917955270064,36.98596032778039,14.63650715719519,74.42779276342254,45.76150394509231,87.3371508774915,97.37,84.02777777777777,94.11764705882354,100.0
United Kingdom,2012,10.742857142857144,51.11497590489187,21.62162162162162,38.17635270541083,25.0,69.87,47.25689539458502,98.6749268292683,98.1350980799536,96.7157273107748,80.23372,33.70485891280795,3.8102264069186225,95.7344989174222,47.35255544983533,10.121653587874452,86.26904156048982,100.0,59.32010113191537,100.0,79.4515053046796,81.35,86.72985781990522,78.43137254901961,99.0
United Kingdom,2013,10.645526613816534,20.423378456160215,20.56690837178642,46.59318637274549,31.25,70.68,48.54467374409185,98.64808689024392,97.56952296012886,96.44602078272007,80.23372,39.71098400265825,2.2262018350347836,95.20733441175565,47.35255544983533,10.404529556320623,81.21080194011613,37.71536434621471,53.19465035303423,100.0,79.92036125451162,82.76,88.5041834883857,78.43137254901961,99.0
United Kingdom,2014,11.045828437132785,44.86489040060469,19.51219512195122,48.19639278557115,37.5,70.85,53.20617397879447,98.62124695121952,97.00394784030415,96.17631425466536,80.4301,45.71710909250855,3.4417787184438553,94.6801699060891,47.35255544983533,9.153974177131854,72.83902516144842,39.8245745833435,47.06919957415308,97.16643260101573,80.38921720434365,84.0,90.27850915686619,78.43137254901961,99.0
United Kingdom,2015,11.28451380552221,33.0458093996532,18.644986449864497,47.99599198396793,43.75,72.88,55.69616329858673,98.59440701219513,96.43837272047944,95.90660772661063,80.43025,51.72323418235885,7.872709581392375,94.15300540042254,47.35255544983533,8.855117401991578,62.06505027928646,46.595424232913594,40.94374879527194,85.97426876846406,80.85807315417567,84.61,92.05283482534668,78.43137254901961,99.0
United Kingdom,2016,10.867052023121387,37.711166996881275,17.77777777777778,58.61723446893787,50.0,73.08,59.38499582130421,98.56756707317075,95.8727976006547,95.6369011985559,80.43096,57.72935927220915,4.26798699700102,93.625840894756,47.35255544983533,9.92472492820739,52.19493168613186,20.980994352826233,39.53003374200025,94.75916003796455,81.32692910400769,84.41,93.82716049382717,78.43137254901961,99.0
United Kingdom,2017,10.91753774680604,49.3929570268856,17.97979797979798,58.717434869739485,57.142857142857146,72.99,61.669915260198,98.5460780487805,95.0208775349864,95.90746746785199,80.78616,58.56135292256002,0.8863508808936438,94.38265503978843,47.35255544983533,9.69740456992094,71.02795419997764,89.45499395399096,39.53003374200025,100.0,81.59825515485386,83.81,93.41215038013532,78.43137254901961,99.0
United Kingdom,2018,10.91753774680604,23.53654021213993,18.181818181818183,56.312625250501,64.28571428571429,72.81,63.320562334637884,98.52458902439025,94.1689574693181,96.17803373714807,81.21426,59.39334657291089,1.7843829392998982,95.13946918482087,47.35255544983533,10.11919009814662,68.54764780559134,57.26842611987711,39.53003374200025,100.0,81.86958120570003,82.74,92.99714026644347,78.43137254901961,99.0
United Kingdom,2019,10.91753774680604,38.834775200077445,18.181818181818183,56.312625250501,71.42857142857143,72.34,66.29199450830137,98.50310000000002,93.3170374036498,96.44860000644415,81.23336,60.22534022326176,2.9259302999343144,95.8962833298533,47.35255544983533,10.040614436779574,67.81118547379573,0.0,39.53003374200025,100.0,82.1409072565462,81.76,92.58213015275163,78.43137254901961,99.0
United Kingdom,2020,10.91753774680604,26.398171505513183,18.181818181818183,56.312625250501,78.57142857142857,72.4,74.533451232837,98.48161097560977,92.4651173379815,96.71916627574024,81.23336,60.22534022326176,2.9259302999343144,96.65309747488573,44.634215899950306,10.040614436779574,67.75518944945735,0.0,39.53003374200025,100.0,82.41223330739236,81.04,92.16712003905978,78.43137254901961,99.0
United Kingdom,2021,10.91753774680604,27.998074892484833,18.181818181818183,56.312625250501,85.71428571428572,72.29,74.533451232837,98.46012195121952,91.61319727231319,96.98973254503632,81.23336,60.22534022326176,2.9259302999343144,97.40991161991816,41.915876350065275,10.040614436779574,67.75518944945735,0.0,39.53003374200025,100.0,82.68355935823853,79.3,91.75210992536793,78.43137254901961,99.0
United Kingdom,2022,10.91753774680604,41.313217082052596,18.181818181818183,56.312625250501,92.85714285714286,72.11,74.533451232837,98.46012195121952,90.76127720664489,97.2602988143324,81.23336,60.22534022326176,2.9259302999343144,98.1667257649506,41.915876350065275,10.040614436779574,67.75518944945735,0.0,39.53003374200025,100.0,82.9548854090847,79.79,91.33709981167608,78.43137254901961,99.0
United Kingdom,2023,10.91753774680604,41.313217082052596,18.181818181818183,56.312625250501,100.0,72.11,74.533451232837,98.46012195121952,90.76127720664489,97.2602988143324,81.23336,60.22534022326176,2.9259302999343144,98.1667257649506,41.915876350065275,10.040614436779574,67.75518944945735,0.0,39.53003374200025,100.0,82.9548854090847,79.79,91.33709981167608,78.43137254901961,99.0
