Country,Year,plastic,14.1,14.2,14.3,14.4,14.5,14.6,livelihoods,14.7,14.a,14.b,14.c
Belgium,2012,51.53389810546273,51.01166697367571,62.51146592212616,67.37136696398225,88.12213399185629,98.24834120213804,57.45516952791745,39.24816120082405,59.9685803832855,45.787606276407494,78.64341195053095,36.30881224656042
Belgium,2013,48.819078472416,50.20701975829295,67.68993301434541,67.46142684781161,89.08033998559985,98.24834120213804,58.94524216599779,45.2489077580887,45.23895648540532,45.64612611707162,79.83482511554953,36.08188217001942
Belgium,2014,49.97662067176058,50.72406611405006,73.70887111867208,68.62841931255547,90.03842712963502,98.42214721240633,60.46746755012322,40.07392427587754,32.4564157138956,45.492253679246026,80.91886915406438,35.85495209347842
Belgium,2015,51.856828389157165,51.34436660102974,79.90419121154025,67.83003624164111,90.99639920953403,98.42214721240633,62.59919737952327,49.74945908927849,59.96528478757915,45.31138703769237,82.0507221143559,35.628022016937415
Belgium,2016,54.24779983012981,52.13937274734899,86.11442831823643,68.26259187633651,91.95425984856986,98.42214721240633,63.46950382543353,37.31769583195245,32.249717811055994,45.15708242448662,83.09495531315157,35.40109194039641
Belgium,2017,53.899109614181135,52.02357809695186,85.91599920319075,68.36361637358922,92.38460625393424,98.42214721240633,64.08174214298973,47.98864504896156,62.59107307041845,45.11177378813319,82.66520025616937,36.67190036902603
Belgium,2018,53.64460540398634,51.93903016894005,85.83966394540472,68.19534854796392,92.8140720252452,98.42214721240633,63.66831235686413,35.641877690939126,39.49891541368811,45.076625723965584,82.23544489639121,37.94270879765564
Belgium,2019,53.09858352712016,51.75754907085419,85.9210878962513,68.38895980132553,93.2426695780064,98.42532733421058,63.761547547516734,34.07810057337544,57.99028723152456,45.04147764830696,81.97161667316016,39.213517226285255
Belgium,2020,52.211849947765415,51.46256287571065,85.9058216956281,70.71252709764876,93.67041091363136,98.42532733421058,58.094490199073434,41.59137560593831,34.665839423181076,45.00632956114023,81.69769124865493,40.48432565491487
Belgium,2021,52.211849947765415,51.46256287571065,85.85493172687649,69.49806408027275,94.09730763731397,98.42532733421058,52.355337610550436,41.59137560593831,34.665839423181076,44.971181462448264,80.8707461917365,41.75513408354448
Belgium,2022,52.211849947765415,51.46256287571065,85.80403770060582,69.49806408027275,94.52337097486989,98.42532733421058,52.446685153098365,41.59137560593831,34.665839423181076,44.9360333522139,81.80758022808143,41.75513408354448
Belgium,2023,52.211849947765415,51.46256287571065,85.80403770060582,69.49806408027275,94.52337097486989,98.42532733421058,52.446685153098365,41.59137560593831,34.665839423181076,44.9360333522139,81.80758022808143,41.75513408354448
Denmark,2012,70.24940977190643,59.07204914980856,48.9771758637506,72.41273578109487,95.7252762561245,73.4512568301584,46.591801188695904,25.317555172094373,35.70298901621615,64.47651805432159,76.98070258395401,90.14267603787502
Denmark,2013,70.1378103533574,27.530606611722778,48.82368548023927,71.47488390600097,94.50112037235291,73.4512568301584,46.777052312457506,26.9514154834296,61.38327118023217,63.628898926115404,78.78135155630613,90.88606581087993
Denmark,2014,70.89644483081905,59.48364800668151,48.59821346251065,73.93861974214715,93.27546907919734,73.4679630553063,46.92438023832045,26.95977591528322,63.094700354255814,62.90765142962922,79.87092042413335,91.6287281903142
Denmark,2015,69.58499628686536,25.876920499059384,48.72294753852457,75.83160694464604,92.04826177108608,73.4679630553063,47.049633816594365,27.399824354076724,64.30388490401016,61.627956477765416,81.99928439000742,92.37068191448617
Denmark,2016,68.51146982956061,42.63815649897031,48.60301115095614,74.6618037294773,90.81943389685884,73.49223749287736,47.162711193822496,24.17236242619489,45.490352195548375,61.51916342627549,82.95786634111597,93.11194496177328
Denmark,2017,69.77861956403716,59.105809291729955,54.136653080507706,76.39455172313885,91.03685457677751,73.49223749287736,47.17211309263152,26.843374563197955,61.400931712366024,62.0349894142239,82.90537170900188,93.70446973452687
Denmark,2018,70.75098372251358,43.34952435935641,59.42297810854268,76.49565392665683,91.25421086419021,73.49223749287736,47.1521071125034,25.785662573646416,42.16179111967724,62.55088850395443,82.93809101747271,94.29657205707908
Denmark,2019,67.92462906728949,58.49748520960291,64.75110712396766,79.61163338473796,91.47150323523671,73.49223749287736,47.20086406553004,25.181682386144207,65.767662364264,63.06652977835591,82.8998324614367,94.88826018680872
Denmark,2020,52.90563548926508,32.184193544852626,70.18469850517873,84.80911149117541,91.68873216036089,73.49223749287736,49.594556026054015,25.22926613184857,61.57432278055342,63.58191860567678,82.89634902853979,95.47954212671574
Denmark,2021,52.90563548926508,20.80256503677483,75.61997567173181,83.03391979044284,91.90589810440525,73.49223749287736,51.97008315633961,25.22926613184857,61.57432278055342,64.09706018190374,81.56993590778845,96.07042563618589
Denmark,2022,52.90563548926508,20.369949812601735,80.79362349573998,83.03391979044284,92.12300152670376,73.49223749287736,51.973323058639714,25.22926613184857,61.57432278055342,64.61195953823525,80.36369074397473,96.07042563618589
Denmark,2023,52.90563548926508,20.369949812601735,86.0839047502246,83.03391979044284,92.12300152670376,73.49223749287736,51.973323058639714,25.22926613184857,61.57432278055342,64.61195953823525,80.36369074397473,96.07042563618589
Estonia,2012,45.57107898192107,26.8565977341114,52.92846368564202,61.11778370727083,97.43590364085203,79.4829392513213,57.24366207310088,42.076541153871396,51.107907148004664,68.4078902558901,85.16073702387237,88.15659580445072
Estonia,2013,54.764549432796606,28.953047218180682,55.440511482943,59.75096900132686,95.88427254517103,79.4829392513213,64.25212367044665,39.3797332478981,47.86955905679026,67.61963035961729,86.40494044486469,88.40515975870335
Estonia,2014,53.56177632986479,30.390176871564595,58.92226143126981,60.334364619946776,94.3298511760771,79.4829392513213,57.2249722980965,38.600924813413826,38.87313699146194,66.95870243420187,87.55836643104357,88.65363528163292
Estonia,2015,51.75179185275299,28.70010002766818,61.30299107658225,62.931395087835305,92.77249419718838,79.48300292961882,61.45634368150756,37.84131889459462,54.62301308747237,65.73594575903286,88.77552207525731,88.90202318567393
Estonia,2016,54.18296594363352,30.313012050783392,63.840552910681275,61.47879201901487,91.21204375598982,79.48300292961882,90.02245454384911,37.28585683933092,47.888081314666735,65.6918794716765,89.91673289890015,89.15032427135716
Estonia,2017,50.06733739180006,28.123036365883003,66.65733451140446,60.430276045324156,90.43905177631493,79.4840119852667,89.85978672627165,36.748858788953484,57.02457067005242,66.06824486377084,90.10088879298208,89.54742739099856
Estonia,2018,49.96136782329645,27.027024658630733,70.15804831760343,61.0547650866291,89.6660386122717,79.48696567240768,54.74046053741298,38.65916172780891,63.95103757401517,66.44482853442695,90.45492143186985,89.94431344207926
Estonia,2019,53.04510455559183,28.932811763700627,74.08450692870517,67.3877403198069,88.89300370469974,79.49006140303489,55.327412605953505,38.83850705890721,72.39316095865422,66.82129351121036,90.69900711982748,90.34098552282909
Estonia,2020,55.35883778341336,29.831959725754274,77.79532753946089,74.37983655473636,88.11994647445947,79.49175131590998,55.172248563894655,29.866363674125733,53.14645723295628,67.19764146516556,90.93308899793328,90.7374466612662
Estonia,2021,55.35883778341336,37.768093296074696,80.99345799668214,71.19558850013985,87.34686632152616,79.49175131590998,55.01704970550908,29.866363674125733,53.14645723295628,67.5738740310196,90.75753913150785,91.13369981739606
Estonia,2022,55.35883778341336,62.37681468511823,84.43694417908492,71.19558850013985,86.57376262403368,79.49175131590998,54.86181575712856,29.866363674125733,53.14645723295628,67.9499928082516,94.73126898434427,91.13369981739606
Estonia,2023,55.35883778341336,62.37681468511823,87.96862225479461,71.19558850013985,86.57376262403368,79.49175131590998,54.86181575712856,29.866363674125733,53.14645723295628,67.9499928082516,94.73126898434427,91.13369981739606
Finland,2012,49.07634882241612,23.3815678081549,52.2156337357922,66.61926766497074,99.51016320195048,44.2151396623163,50.156637159246614,21.774255443607995,40.5529435116096,50.212747024748424,83.24286960312465,88.15659580445072
Finland,2013,48.35768170670143,22.812367751195985,51.20560918140072,66.50747820014213,98.5281281968187,44.22285335983997,52.51507799842545,22.44992346762878,44.867331754925495,50.01526985606807,84.01539202626812,88.40515975870335
Finland,2014,53.04656459602122,24.608732114946385,51.18166647844839,68.2427344142617,97.54503886274759,44.2319156514642,50.59906970499833,21.692067045239686,49.12677873073892,50.09813144734487,84.8015523161381,88.65363528163292
Finland,2015,66.1733845398396,27.95415134272563,50.01277003923702,69.89426185271353,96.56086257180893,44.66291302545319,53.33126178416979,20.36073427926323,49.54868696324502,49.53525628534971,85.54131795437337,88.90202318567393
Finland,2016,73.30856702300547,30.42630936896912,49.27451220721114,68.57356083882061,95.5755650476144,44.71144874061983,57.01984079193655,21.247896209543438,57.59957115668463,49.477063104568884,86.24458406409278,89.15032427135716
Finland,2017,70.1374306867982,28.90844246426317,54.481036701345644,69.73346726000233,94.53863535529365,45.443797195557856,55.013193542750045,20.577178613559735,37.83996322146661,49.27161122527515,86.12122644833973,90.34098552282909
Finland,2018,66.58647319330098,26.928055084872636,60.09404272922278,69.11044511800281,93.5015232178773,46.1524460733889,50.8083472093343,21.238797641689178,52.48326335539526,49.105829081869125,86.08815284992701,91.52974788532191
Finland,2019,65.78044184843768,28.294459194412326,66.04544472195705,70.59943619978874,92.46422240956468,46.85906757758744,52.10112072877396,16.27759437031232,47.314533867754804,48.940042269405254,85.22112833900587,92.716689554384
Finland,2020,65.59666450563937,28.132130623560037,71.52411928069424,74.44543176403911,91.42672640891342,46.86018831656664,53.478657582345825,19.378893396673654,34.87115103584296,48.77425075632498,83.91987859263325,93.90188370116073
Finland,2021,65.59666450563937,31.16597914253429,76.53802006458201,74.35184911506836,90.38902838054867,46.861245728113786,54.84285458239584,19.378893396673654,34.87115103584296,48.60845451074246,81.8636578566086,95.08539891088826
Finland,2022,65.59666450563937,27.79483206682011,81.51613272736436,74.35184911506836,89.35112115545907,46.861245728113786,54.43601774945765,19.378893396673654,34.87115103584296,48.44265350043998,83.70145998836611,95.08539891088826
Finland,2023,65.59666450563937,27.79483206682011,86.81099307776121,74.35184911506836,89.35112115545907,46.861245728113786,54.43601774945765,19.378893396673654,34.87115103584296,48.44265350043998,83.70145998836611,95.08539891088826
France,2012,47.78969287663774,62.06452647757427,48.190343893589926,80.00476390991454,94.05977515255508,51.24642207782239,44.67744255355786,25.325007636429678,34.81844224487497,77.64835039991249,82.59432051894949,92.12344162096647
France,2013,47.56643256587475,27.480661086595564,47.82554856656279,80.00137278519117,94.35529725341753,51.59984030912335,46.08545510808041,25.894297226564802,54.27200792552343,77.78816263160942,83.4013827937555,92.12344162096647
France,2014,47.14830808112846,42.88951096542918,47.48945768101637,83.08580935903116,94.65069112572402,55.971876497621544,52.955106873175104,25.439008528072698,36.329626274988605,75.16430803737146,84.70702155789752,92.12344162096647
France,2015,46.461882071043945,32.07271785288849,47.74873589774782,82.68957294405251,94.94595799118294,57.10292261905647,59.296041236421914,25.285022532882564,43.17437881747766,72.52447796821517,84.76781184176161,92.12344162096647
France,2016,45.72346301329155,32.77194737965751,47.78714282962608,82.52719169200427,95.24109905219272,58.05571159963892,65.4310789859046,22.836435872869465,32.51174119709494,69.8664530857924,85.36724462885942,92.12344162096647
France,2017,47.81416154779977,41.77506901580756,54.15120681233457,82.32077562387693,95.22643578622286,68.48808190599037,71.22507065142614,24.70744237641226,46.88027577648529,67.12416584260863,84.72191911282076,93.30950067879132
France,2018,47.39014128848889,22.83969964284431,59.49647676013383,83.80702923530815,95.21176587966139,79.13301345782912,47.71821249808321,23.851459794764025,56.71737918457785,67.1984855821941,84.4754930640654,94.49384705474228
France,2019,46.43550841390783,27.533750273349575,65.22560514993155,84.50020994093315,95.19708932962003,90.88185444453946,48.06067050010764,23.48021999441588,52.91583007549638,67.27280112254736,84.32500721434539,95.67654719022727
France,2020,46.387045472160494,24.32462940125167,70.6679578272941,90.09095089468899,95.18240613319826,90.89598638951381,49.531688530059675,23.258734250564256,20.95834940166653,67.3471124750781,84.34106951545253,96.85766351021454
France,2021,46.387045472160494,31.8900631913214,76.37757214472657,86.9231521762423,95.16771628748326,90.89598638951381,51.00000451159445,23.258734250564256,20.95834940166653,67.42141965114797,83.35739667388191,98.03725475291591
France,2022,46.387045472160494,23.768100958728798,81.66761102396003,86.9231521762423,95.15301978954996,90.89598638951381,51.34355418354387,23.258734250564256,20.95834940166653,67.49572266207076,84.94746841821556,98.03725475291591
France,2023,46.387045472160494,23.768100958728798,86.96342688926062,86.9231521762423,95.15301978954996,90.89598638951381,51.34355418354387,23.258734250564256,20.95834940166653,67.49572266207076,84.94746841821556,98.03725475291591
Germany,2012,61.67599142012428,56.737486348901584,87.44082727057057,65.71558448483266,85.67486240478546,86.93459418193471,52.781177568014705,45.1176980207932,51.3547551320234,45.00752169978161,75.40775771615752,90.14267603787502
Germany,2013,61.296591410110324,24.647593734991478,86.85672690603111,65.29455037655929,86.82309463648357,86.97183513463685,52.638966292166145,44.132409158276886,63.65333699747231,44.39456025793356,76.16289542435372,90.39055463969318
Germany,2014,60.86841231796054,57.14349340031482,86.19581743541966,66.23561465967033,87.97114059985762,86.97183513463685,52.49672720790456,44.80612057262071,53.568568659469896,43.63923600934781,76.97025233097698,90.63835098948124
Germany,2015,60.86841231796054,56.07157836506765,86.15512416003233,66.26004682590406,89.11900756566423,87.11182823907912,60.65537353142008,46.48247809299933,68.50450278852517,42.51791906945442,79.93110746585889,90.88606581087994
Germany,2016,60.86841231796054,56.89377423672129,86.02794111446111,66.3567587197932,90.2667024232123,87.16585574781023,48.683418456287065,51.22651834199496,62.259905499711735,41.948415984624106,79.84443237639381,91.13369981739606
Germany,2017,60.48826646217298,57.406103832588904,86.04320440736875,66.73312186988882,90.57828211558822,88.42148720634553,55.0374481952313,54.88904311755474,72.88378748852195,42.08181596675597,80.44098541166285,91.7276958980959
Germany,2018,60.10724053052921,28.878061164057147,85.7327792316886,67.53957700100064,90.88976654302395,90.23043134060475,52.08211427681365,53.93736562168283,57.97807243243331,42.263563575715175,81.12086166535458,92.32124001554483
Germany,2019,59.62387205213756,57.996328495581466,85.84475324648403,68.89244214041473,91.2011566988025,90.34399713893256,52.09150594430012,56.99629801092968,77.39586117929495,42.445307019486336,78.93659230418146,92.91434136111383
Germany,2020,59.42527968492344,24.50953968941648,85.69714700196359,71.39830983572763,91.5124535602457,90.34399713893256,55.37121524240724,55.00285883631746,47.12939331748359,42.62704633292722,77.44050476894755,93.50700883116838
Germany,2021,59.42527968492344,41.902371804270246,85.68187543410508,70.14839407833853,91.82365808906528,90.34399713893256,58.61745802579005,55.00285883631746,47.12939331748359,42.80878155045191,76.68560690148614,94.09925104008414
Germany,2022,59.42527968492344,41.902371804270246,85.6411494550116,70.14839407833853,92.13477123170394,90.34399713893256,58.62696047543084,55.00285883631746,47.12939331748359,42.990512706038345,78.04740038003811,94.09925104008414
Germany,2023,59.42527968492344,41.902371804270246,85.6411494550116,70.14839407833853,92.13477123170394,90.34399713893256,58.62696047543084,55.00285883631746,47.12939331748359,42.990512706038345,78.04740038003811,94.09925104008414
Ireland,2012,52.13969577527791,58.86310995913011,46.55271011389628,69.6018019226416,81.52404992612618,38.75846359267961,49.38002603050911,14.135598054053736,52.69064521801585,99.06274941811003,78.20148107519525,83.16537802703962
Ireland,2013,54.12460465662872,56.55373355835311,45.92779458228342,70.06448832163957,79.63682979916798,39.15964871504904,49.27176362550922,14.939629499964026,48.35655798154806,97.71393705755632,79.17783835355286,83.41590200396762
Ireland,2014,50.909857289724535,56.18513434619157,45.83162327698969,70.30675610142738,77.7493346076879,39.556843771655345,49.16348562831293,13.950165519675616,48.52219864682466,96.36317962263004,80.94344489420736,83.66631836225264
Ireland,2015,52.78263576995145,56.480708658980426,45.74025291036558,69.29025312479891,75.8615433287056,39.95051143163192,52.38352415723813,14.237767825642038,49.67154857162256,95.01039238693396,82.86582253515742,83.91662821514186
Ireland,2016,52.10296362840355,55.40005606880536,45.64406551002808,68.62529359181482,73.97343271177783,40.36844123012746,52.71921606335059,16.258796006035126,65.84453621867281,93.6554845949128,83.5736624350263,84.16683265741518
Ireland,2017,50.723368210885944,54.07637324867742,51.20699537197702,69.29598496015772,76.37179544823324,40.63241386107851,54.36038460227477,15.787127105291805,55.555950223923055,92.68143034117762,82.88820328217412,84.16683265741518
Ireland,2018,58.912893578309095,56.80956038247303,56.571256621244366,69.40130475293346,78.76511658008158,41.22109076945871,57.94201346083764,16.23751016003366,57.73540779225593,91.7061948053065,83.23611723264386,84.16683265741518
Ireland,2019,58.416337012040486,56.644596443046595,61.90296917119331,70.62059665903571,81.15386851208102,43.72447042936499,58.13325103686104,15.836243817621481,33.335450158223544,90.7297375574482,83.02175831855757,84.16683265741518
Ireland,2020,58.52543135324235,56.680847172704254,67.24329149411408,73.65952068683896,83.53846100153916,43.73753494894725,60.33024025460098,15.52911680175197,46.79200015280407,89.75201590964262,82.74664779136798,84.16683265741518
Ireland,2021,58.52543135324235,56.680847172704254,72.47526432098321,72.14855653984706,85.9192518746289,43.737766208082,62.51642834576143,15.52911680175197,46.79200015280407,88.77298473615012,82.77520892704281,84.16683265741518
Ireland,2022,58.52543135324235,29.474394367010557,77.67204479664127,72.14855653984706,88.29655551599322,43.737766208082,62.708762400118,15.52911680175197,46.79200015280407,87.79259627488294,82.65188046438902,84.16683265741518
Ireland,2023,58.52543135324235,29.474394367010557,82.94211971770117,72.14855653984706,88.29655551599322,43.737766208082,62.708762400118,15.52911680175197,46.79200015280407,87.79259627488294,82.65188046438902,84.16683265741518
Latvia,2012,55.48925812142775,34.69669862370465,64.07576711937558,95.52983153332723,95.94024054468244,56.88141337063874,62.32639231238643,15.296985718482185,49.3160823569583,67.90454800103892,82.32078190112401,90.14267603787502
Latvia,2013,52.61195237717087,33.217816495123394,62.854955740606854,95.94054670183314,95.57441365942807,61.15495911758684,62.296063566264365,20.882457992016167,62.60308540984393,66.7912339693763,83.95805244905513,90.14267603787502
Latvia,2014,52.69007048121662,30.357232776048292,62.55072847792035,96.93258928993369,95.20778761310564,65.33861157413858,62.26573338488146,20.530140823960036,41.82681765432176,65.80451647599317,85.40457627244913,90.14267603787502
Latvia,2015,42.54331078722633,27.06214582256046,61.784797812378436,96.12955485225413,94.84035268699719,69.45765019087746,63.24693477274689,18.963312182167076,42.87749243828507,64.25656656217144,86.82933506414768,90.14267603787502
Latvia,2016,33.3340064503658,25.60351024848181,61.65216554621275,95.83057636616273,94.47209884467016,73.52731122642224,96.4244822870794,17.628997653819894,23.46222902343217,63.88389515134438,88.32728444513819,90.14267603787502
Latvia,2017,31.074340499036317,25.078771202749657,64.97850547546092,94.96495510894358,93.61674695617248,73.52731122642224,62.59465498081054,19.410199439482394,39.479507181076166,64.59673373964627,88.44158912924465,90.34098552282907
Latvia,2018,33.714445306719874,23.326524842390853,68.09712598066511,90.78879975913736,92.76108732229488,73.52731122642224,77.2523728157724,20.674537777373004,54.53785446400058,65.3094545293976,88.68581428901757,90.53924227326748
Latvia,2019,30.815427607937817,36.979395468167034,72.07399646181977,91.44270110191205,91.9051111208558,73.52731122642224,96.04001906670179,20.625066031585437,45.19836859066696,66.02173226626778,88.93002724146228,90.7374466612662
Latvia,2020,30.262750932152443,36.077705166016194,75.499488564844,96.77242665972001,91.04880916350179,73.53035644375397,92.65593422550737,17.72713744781099,28.06850476075748,66.73357890836536,89.11428071738065,90.93559905471767
Latvia,2021,30.262750932152443,46.034771683729616,79.26610278128248,94.43598475257717,90.19217187530461,73.53340163899401,89.24493836798165,17.72713744781099,28.06850476075748,67.4450059188774,88.97376396648531,91.13369981739606
Latvia,2022,30.262750932152443,68.00688054585996,82.66132560842347,94.43598475257717,89.33518927290731,73.53340163899401,89.11755460716462,17.72713744781099,28.06850476075748,68.15602429363638,93.80883636291453,91.13369981739606
Latvia,2023,30.262750932152443,68.00688054585996,86.1856443569504,94.43598475257717,89.33518927290731,73.53340163899401,89.11755460716462,17.72713744781099,28.06850476075748,68.15602429363638,93.80883636291453,91.13369981739606
Lithuania,2012,42.999383231863085,41.66443377641673,63.68861289118707,86.59570408497281,92.08484704896965,48.95661414283759,48.15158697164192,40.2794046419906,37.07403764372419,70.01302806746416,82.9716432929434,79.14137088415698
Lithuania,2013,41.25407077354807,23.991062015124154,65.59230528968054,88.76031612701448,91.85070885734906,60.405808658543386,48.26194591120917,41.39102210586033,44.31217908155976,68.59702595686942,84.48685926173461,79.64607098478318
Lithuania,2014,41.538316704347814,27.987287934754644,68.24062411397409,89.25934776995754,91.61247234877251,65.95994061769605,48.81546439538107,44.99872436333037,56.382728353089846,67.30739050939269,85.92585985377725,80.15026358440146
Lithuania,2015,41.7009313589603,28.73700383245386,70.89673955715817,88.3472017263678,91.37009940270205,74.41858783051909,50.597571096858644,44.33800691385004,50.53648672984355,65.45482604166244,87.37320192775927,80.65396019109463
Lithuania,2016,49.55632540050842,28.207996698365953,73.58864911082027,87.63007684444187,91.12354709902341,79.8811231955168,52.362118246744174,45.86218890590814,53.157690973251285,64.77896928285703,88.72415430861925,81.15717189545406
Lithuania,2017,47.95624382580483,24.43767936658073,75.01733220622029,86.48333072815625,90.86195720032221,79.8811231955168,48.60496651505184,47.929783406521636,64.76496334134184,65.1471088745886,88.89179927376094,81.35832321288437
Lithuania,2018,46.207222499051845,23.616455703350542,76.61158960671538,85.34771762340435,90.60032138316855,79.8811231955168,47.30150902223977,51.09284477393596,65.31087110241654,65.51546750863704,89.2042270807378,81.55939932849667
Lithuania,2019,49.35472810667447,25.562470210876942,78.88782953221917,84.48914540709166,90.33863926617936,79.8811231955168,47.649232594320026,54.306627538621996,63.74809949765497,65.88370866336462,89.43177033010542,81.76040090012268
Lithuania,2020,41.163218960960066,22.340416815476594,80.34355691271006,85.38665529404733,90.07691046318699,79.8811231955168,47.98398182591026,53.8123887420436,48.034661767614296,66.25183398757918,89.62935858299085,81.96132857632902
Lithuania,2021,41.163218960960066,23.33354527176465,82.28638043107941,84.53116657876652,89.81513458315749,79.8811231955168,48.31757466048117,53.8123887420436,48.034661767614296,66.61984509434785,89.51744023478737,82.16218299659951
Lithuania,2022,41.163218960960066,53.78065980528383,84.02377502944347,84.53116657876652,89.55331123010683,79.8811231955168,48.172514934966905,53.8123887420436,48.034661767614296,66.98774356204731,92.98952120756763,82.16218299659951
Lithuania,2023,41.163218960960066,53.78065980528383,85.78367895216941,84.53116657876652,89.55331123010683,79.8811231955168,48.172514934966905,53.8123887420436,48.034661767614296,66.98774356204731,92.98952120756763,82.16218299659951
Netherlands,2012,59.66699364558114,53.27578456721119,84.10689321767131,65.71736506018708,89.30354858646838,77.05762028797011,48.317290637883445,59.048523112559636,60.689526302683944,46.95952890518299,68.9269908354244,92.12344162096647
Netherlands,2013,59.42867772467783,21.151771810037467,84.08647841587938,65.79725624052872,89.24521809087231,79.23017725237197,70.33990285516269,59.59022344036001,57.389501925661996,46.16716670528988,69.77239327141345,92.37068191448617
Netherlands,2014,59.57167044428798,53.34934444644264,83.80570395919003,66.60755410240505,89.18640263949818,81.39455260686348,45.09515571716862,54.230398211850456,50.0882795697877,45.24417712139474,70.7752889243625,92.61784547203351
Netherlands,2015,59.71800647409121,53.021874502460435,84.06606291709393,65.9133085569883,89.12710146611514,83.5514581312529,54.222976053417476,52.00884667148514,56.08202771738321,44.14268706345065,71.87478256190877,92.86493294142142
Netherlands,2016,59.813228778273995,53.030907540326325,83.78527881721395,65.85940952051465,89.06731374239524,87.35252203526817,46.483391912346725,37.972621168177334,33.211561917216734,43.4233267409606,73.16384160690176,93.11194496177328
Netherlands,2017,59.482933474176484,53.06221704485925,83.82612839607745,66.19342187418194,90.10104008913981,87.35252203526817,50.07971334277707,38.8590494693102,45.48465485086351,43.684241186983414,73.35023249352382,93.70446973452687
Netherlands,2018,58.24473057971732,31.206393666967884,83.43283352881542,66.7335161826073,91.13475587267716,87.35252203526817,45.52270501286548,39.47883418459106,54.34737749831903,43.71946832198137,73.8694594040105,94.29657205707908
Netherlands,2019,58.195317054789946,52.84880756786444,83.25908666387954,67.53741051139048,92.16846144819573,87.35252203526817,45.910584478719095,37.073155254949185,53.75957568183383,43.75469529866312,74.47933770494018,94.88826018680872
Netherlands,2020,57.09368252169671,52.48489683261181,83.74442641561645,70.63805791867121,93.20215715511122,89.14886917834794,46.84095822116825,30.441937904858158,34.12389430100993,43.78992211727859,79.56990665465369,95.47954212671574
Netherlands,2021,57.09368252169671,19.417364890724222,83.8976083811766,70.09886659156984,94.23584331793383,90.9410142531793,47.76898231523114,30.441937904858158,34.12389430100993,43.825148778077065,73.54782355658261,96.07042563618589
Netherlands,2022,57.09368252169671,21.544376444914185,83.83123439519882,70.09886659156984,95.26952024707879,90.9410142531793,47.87844625337166,30.441937904858158,34.12389430100993,43.86037528130723,74.56001561100811,96.07042563618589
Netherlands,2023,57.09368252169671,21.544376444914185,83.83123439519882,70.09886659156984,95.26952024707879,90.9410142531793,47.87844625337166,30.441937904858158,34.12389430100993,43.86037528130723,74.56001561100811,96.07042563618589
Poland,2012,29.112049230884516,24.519719025751403,46.663236868067216,68.73592549090816,92.90905039997766,83.84838012674359,55.154610610303905,27.674081441706857,49.926874887393254,44.9181538834979,82.35350404290361,88.65714188568842
Poland,2013,24.839628907146427,15.416557321874661,49.74974449588584,69.08616540447844,93.14379280412797,83.84698465726194,55.233293769766846,28.628048736406075,46.12715008962457,43.277161486126474,83.72469656328246,89.15199589550724
Poland,2014,30.797823402686376,20.238157884228112,52.66722383705864,69.99884000994635,93.37851208636674,83.84558918528202,55.121882940832236,27.797665772537663,36.91848887706844,41.688362925900115,76.70054366223603,89.64652837513339
Poland,2015,32.13421352534684,20.3938047487854,55.5118340386139,69.8154491957914,93.61320841763848,83.84419371080368,55.109323626525075,28.560804111899262,39.41859876265019,39.73549935904403,78.26221786990256,90.14074493402
Poland,2016,38.895508591903564,23.093091446808963,58.66484088956082,69.09281224537708,93.84788196707909,83.8427982338268,54.762472501266444,27.665884781317004,42.43643753594123,38.08391886442876,80.92761851287536,90.63465102692048
Poland,2017,32.27388786620048,19.32040595272483,62.1857939476992,68.14811154067493,92.12917644701433,83.84465886924073,54.60340050586691,29.554256813105876,54.789358743081046,38.53067702245573,81.56355813946607,90.83212772700362
Poland,2018,32.75851664624092,19.96865879985408,65.64644385608153,68.11736118715184,90.4097150215023,83.8786059606505,54.38719822376848,30.138452854016187,47.75415697316247,38.999321801178496,81.54452454048634,91.02955593617108
Poland,2019,29.13981023590166,17.574017296742454,69.19067774147808,69.27325662540927,88.68945285680667,83.88046665837085,54.19386944702727,30.60079560820499,48.44166092089596,39.467957696014146,81.36439229989614,91.22693598390194
Poland,2020,28.87427529753192,17.407506899991066,72.68202338856135,70.46942906461607,86.96834132619614,83.90558564288388,53.70603743990782,31.267033727978312,46.0593453659613,39.936584908118334,80.7914708880383,91.42426819611892
Poland,2021,28.87427529753192,27.286124758199495,76.1375302060841,68.29343161161925,85.2463275818232,83.93070381845037,53.218164185525595,31.267033727978312,46.0593453659613,40.40520363177493,79.36093632916533,91.62155289524155
Poland,2022,28.87427529753192,48.358258714001266,79.6148266016296,68.29343161161925,83.52335406487836,83.93070381845037,53.014543632192215,31.267033727978312,46.0593453659613,40.87381405470818,81.93079658167,91.62155289524155
Poland,2023,28.87427529753192,48.358258714001266,83.126186271714,68.29343161161925,83.52335406487836,83.93070381845037,53.014543632192215,31.267033727978312,46.0593453659613,40.87381405470818,81.93079658167,91.62155289524155
Portugal,2012,43.25226839131199,21.38944116073509,49.614928221445055,85.40144903231986,88.68293856705908,32.03884483670742,46.03672912650471,15.352397570088984,43.103825120228144,99.43100208306642,83.67104246202877,84.16683265741518
Portugal,2013,43.39741586512389,30.775853404576292,52.29211604103227,86.44556637652725,89.25050977438131,33.025328332970346,45.96199783164338,16.942807329410744,52.683687777743,98.89729380717257,81.4272867621411,85.16661759312007
Portugal,2014,42.4362024304033,24.082793778022168,55.44491329955697,86.25407732558995,89.81725001343474,33.93606505431936,46.392095441072286,16.92047219673983,58.28671294326576,98.36329150344557,80.4926467251996,86.1647990191715
Portugal,2015,41.33839226325294,20.746009236289552,58.44857331081798,83.03435391641186,90.38317644415443,35.755862887974274,46.40237179996601,16.86173489176321,42.276616941929824,97.82899031185963,78.74555764960553,87.16143899478053
Portugal,2016,38.15254316665613,20.04622214257712,61.56864600190259,83.94921174521684,90.94830559217554,36.66509559171197,46.08364776795409,17.434835438604615,56.09887818150237,97.29438524350843,79.72115730534766,88.15659580445072
Portugal,2017,41.98892245031573,27.466807690270496,65.02298896460617,80.69737205282404,91.92831572660175,37.06845717123411,46.331866231121715,19.05447506451391,53.00181102519624,97.07335513110017,78.37009195731764,89.15032427135716
Portugal,2018,39.07613969521768,19.656541757175717,68.50477731350715,82.64191602976454,92.9074989604262,37.626325578963446,46.43436104661726,21.656103556246887,66.55141084927692,96.85227187537498,79.60810890186355,90.14267603787502
Portugal,2019,39.22319325310156,20.712103430032624,72.0490183336628,84.9543434695327,93.88588207126057,38.023112880361865,46.38690644295561,22.50642650501482,62.04106196179072,96.63113510379559,80.83182775348925,91.13369981739606
Portugal,2020,37.29462805644654,21.569186970201972,75.45430057096954,92.2308517286703,94.86349054184957,38.023112880361865,50.23251314965434,17.45927514120494,30.417233205428747,96.40994443965324,78.1123733744455,92.12344162096647
Portugal,2021,37.29462805644654,20.108394003196477,78.88278446385523,93.552480141579,95.8403486441396,38.023112880361865,54.033890983583284,17.45927514120494,30.417233205428747,96.18869950200269,76.41756775073112,93.11194496177328
Portugal,2022,37.29462805644654,18.711923832347285,82.29651690131841,93.552480141579,96.81647951649158,38.023112880361865,54.108226571505114,17.45927514120494,30.417233205428747,95.96739990559567,79.21783015839041,93.11194496177328
Portugal,2023,37.29462805644654,18.711923832347285,85.81930633501044,93.552480141579,96.81647951649158,38.023112880361865,54.108226571505114,17.45927514120494,30.417233205428747,95.96739990559567,79.21783015839041,93.11194496177328
Spain,2012,43.20367193525672,25.135266490716774,47.979159609406814,78.1672440465518,95.74730097495483,31.36372382811809,47.716645585101446,24.254694131711634,26.21422171536494,79.6161055760963,81.65252002407384,93.11194496177328
Spain,2013,45.79889378435904,29.496526066590267,47.20610904428693,81.02192931268888,94.9908886416911,34.98230480491998,47.44578033391664,23.796681078020693,52.33646113097432,78.79303042695493,81.80522947088343,93.11194496177328
Spain,2014,46.04324979364809,34.291108635871296,47.08122237066452,80.51467002432501,94.23444999198111,48.957897240818866,49.09081258183875,24.773190221784088,32.628395237321044,83.3298234240473,82.10363645744754,93.11194496177328
Spain,2015,51.35098552490459,24.318262985620066,46.951518531877824,78.52214100299706,93.47798438327644,52.76742823635028,50.04152143549244,24.238919361871314,53.60869562425441,87.81723036267957,82.54824893189794,93.11194496177328
Spain,2016,55.93009724573499,27.69962713853576,46.826605135761014,79.54578999098176,92.72149115175678,56.10354360718768,48.80988666659423,24.124230537710652,54.64712806514681,92.26259551670886,82.9263376696409,93.11194496177328
Spain,2017,56.274639518355286,57.42764379105112,50.46398038800093,77.95508454015241,92.97124301727679,56.103957317485055,49.255757328613896,24.321193801175667,58.89997443545708,92.57811576158721,82.66466757619507,93.30950067879132
Spain,2018,56.564072665890535,23.995457425631756,54.04819390789006,78.45515549827101,93.22087768701438,56.10401643480982,49.81213817132628,27.48053817152036,64.6453816494604,92.89351186539434,82.21519790249144,93.50700883116838
Spain,2019,55.64508284059766,24.337762742719473,57.58348536123115,80.58316896131097,93.47039613256712,56.104674526708564,49.925446978063015,27.545495201481476,34.68944356982718,93.20878515776666,81.84185480268945,93.70446973452687
Spain,2020,48.81140360897486,22.538891695188486,61.08878104869458,88.15397243388779,93.71979931154992,56.136773967782396,49.154073238559526,22.159788547415786,21.225232039549418,93.52393694574897,81.52435345837887,93.90188370116073
Spain,2021,48.81140360897486,21.961883044726136,64.56061066228197,85.13082629093807,93.96908816787676,56.16044671471651,48.378142890808014,22.159788547415786,21.225232039549418,93.83896851432499,80.28724907281078,94.09925104008414
Spain,2022,48.81140360897486,22.211759641048783,68.01355343957158,85.13082629093807,94.21826363203525,56.16044671471651,48.585906683977264,22.159788547415786,21.225232039549418,94.15388112693198,82.73976324788983,94.09925104008414
Spain,2023,48.81140360897486,22.211759641048783,71.57685075596878,85.13082629093807,94.21826363203525,56.16044671471651,48.585906683977264,22.159788547415786,21.225232039549418,94.15388112693198,82.73976324788983,94.09925104008414
Sweden,2012,51.28409159499301,31.52530286377185,50.166123799674544,83.80455786240098,93.94945888571496,37.889942653822125,53.769178280617005,20.331836139807454,41.443235726382184,67.14730591496678,85.97678766279869,91.13369981739606
Sweden,2013,45.987341841261305,25.42784589173555,53.252450273380774,85.21242246482193,92.37957390690202,40.976532238735814,53.98484442689387,20.536239343619442,28.660249849810178,67.02639551277613,87.11089669074006,92.12344162096647
Sweden,2014,41.05931759536148,24.887823037394753,56.357763314980154,86.98923051693633,90.80609192781061,44.18748898630225,54.175232248280246,22.901520977935526,56.85352014978179,67.03330609120167,88.36181299861997,93.11194496177328
Sweden,2015,42.10720111186393,23.98973141498631,59.56692919473027,87.57627061487625,89.22881417731246,47.19607785608999,54.23514095246601,22.782332692588692,53.891562851362906,66.4785056860601,89.77985118460983,94.09925104008416
Sweden,2016,43.00690557639522,23.772479739777257,62.65378458907607,87.72858223750323,87.64752304454794,51.50446812149429,54.28470421852193,22.519466360427128,55.95858099858774,67.1045397462067,91.30596915402923,95.08539891088826
Sweden,2017,35.77638261481721,21.261283573317026,65.64056484976653,88.92191992754702,86.89749886118872,51.51558133062794,54.15719459504494,22.417776566266532,53.48193048321821,66.95660759925237,91.10166658970073,95.47954212671574
Sweden,2018,35.56516827096629,17.55566498009347,68.877439118314,89.7527147003786,86.14745563202311,51.61979324903765,54.11395450641112,24.322556450883166,67.63554178302526,66.80899694747019,90.89724932851738,95.87350826715083
Sweden,2019,38.19223666390035,24.649864328466126,72.28877329461659,91.29563971776791,85.39739286136158,51.75447869311406,54.01293871616573,24.070675108141245,60.80237814979635,66.66136828926638,90.7026614529506,96.26729957323111
Sweden,2020,37.28110970044243,24.09437921840559,75.79564915693527,98.58161129283282,84.64731003605704,51.88996724346373,53.86178188594966,23.448948056402976,36.63188673919895,66.51372152445413,90.49303820405933,96.66091824117534
Sweden,2021,37.28110970044243,24.46613784635107,79.39718860652036,96.39809829444981,83.89720662472479,51.90319537240702,53.710592215729314,23.448948056402976,36.63188673919895,66.36605655197664,89.79621305220365,97.05436642361876
Sweden,2022,37.28110970044243,23.447526502746314,82.63599819309583,96.39809829444981,83.14708207691997,51.90319537240702,53.559369450356066,23.448948056402976,36.63188673919895,66.2183732698967,90.67432983744082,97.05436642361876
Sweden,2023,37.28110970044243,23.447526502746314,86.16021095972246,96.39809829444981,83.14708207691997,51.90319537240702,53.559369450356066,23.448948056402976,36.63188673919895,66.2183732698967,90.67432983744082,97.05436642361876
United Kingdom,2012,29.78268493460076,30.063542969230504,46.879454721301265,72.50170391386109,97.42515421125364,56.47804107943287,47.13927420953518,46.43762575525322,68.22058404766967,89.66678150625789,84.03562314321194,88.65592304675661
United Kingdom,2013,33.320205844120025,21.2561522806221,50.57208543445338,73.16012906939612,97.00760922141711,59.62228553208292,46.2803854690305,44.22313357053414,44.99987347101411,89.90402368187827,85.62727423083578,88.65592304675661
United Kingdom,2014,33.539261566447045,29.43346975639737,53.913557330955236,75.56808900418203,96.5900424023337,62.83124688722445,46.65320471847079,39.56137126761184,42.13763883734331,88.7381254812269,87.13359848759411,88.65592304675661
United Kingdom,2015,32.98429723318394,25.533150853855524,58.13089424900676,76.84257474297023,96.172453469997,65.91941878075433,48.32169692131981,34.31699311324187,40.587452670277415,83.4122478406165,88.32357557003563,88.65592304675661
United Kingdom,2016,37.61777633276582,28.39804441838627,61.431066892882576,78.7303675469768,95.75484213533505,68.98642123336704,46.67905892100493,30.2604495388748,30.160620875889794,88.01740018291888,89.10613474957806,88.65592304675661
United Kingdom,2017,37.7745418516573,32.22410442796781,65.01804647533336,79.89362109593547,95.46406957734456,69.58470652801078,45.39609281824229,39.022385641481854,55.53740156679526,90.75241901351734,88.59806146930949,88.65592304675661
United Kingdom,2018,36.73181775191692,23.48060320117827,68.5345968979997,80.72938267516002,95.17296545656968,70.2187521149159,46.057767067971746,38.09525259663063,44.88337950459703,90.88951978445071,87.85359362876571,88.65592304675661
United Kingdom,2019,36.73181775191692,28.49263359241741,71.88414126192457,82.2389849518933,94.88152669138978,70.6510226880534,46.80573115244835,37.70317045635356,24.60962249511567,91.02659579949739,87.15425841229388,88.65592304675661
United Kingdom,2020,36.73181775191692,24.430592937924587,75.47940537153893,86.42435637648848,94.58975013470837,70.6510226880534,46.133219534453005,37.67676841067329,24.60118920969806,91.1636471783132,86.58567535407106,88.65592304675661
United Kingdom,2021,36.73181775191692,24.958776567969643,78.97358993419154,86.41375122496532,94.29763257206754,70.6510226880534,45.45597116624063,37.67676841067329,24.60118920969806,91.30067403963159,85.50337013332326,88.65592304675661
United Kingdom,2022,36.73181775191692,29.29220213572173,82.41814229866606,86.41375122496532,94.00517071968908,70.6510226880534,45.68969874456716,37.67676841067329,24.60118920969806,91.43767650127353,85.5440540041334,88.65592304675661
United Kingdom,2023,36.73181775191692,29.29220213572173,85.94144226387716,86.41375122496532,94.00517071968908,70.6510226880534,45.68969874456716,37.67676841067329,24.60118920969806,91.43767650127353,85.5440540041334,88.65592304675661
